{
"meta":{"test_sets":[],"test_metrics":[],"learn_metrics":[{"best_value":"Min","name":"MultiClass"}],"launch_mode":"Train","parameters":"","iteration_count":1000,"learn_sets":["learn"],"name":"experiment"},
"iterations":[
{"learn":[1.014305349],"iteration":0,"passed_time":0.141839831,"remaining_time":141.6979912},
{"learn":[0.9495623777],"iteration":1,"passed_time":0.1431318556,"remaining_time":71.42279596},
{"learn":[0.8891036701],"iteration":2,"passed_time":0.1436824081,"remaining_time":47.75045364},
{"learn":[0.8402166232],"iteration":3,"passed_time":0.1445919848,"remaining_time":36.00340422},
{"learn":[0.7959338789],"iteration":4,"passed_time":0.1464453173,"remaining_time":29.14261814},
{"learn":[0.7586560397],"iteration":5,"passed_time":0.1476317063,"remaining_time":24.45765268},
{"learn":[0.723064008],"iteration":6,"passed_time":0.1484356988,"remaining_time":21.05666412},
{"learn":[0.6917571557],"iteration":7,"passed_time":0.1498387324,"remaining_time":18.58000282},
{"learn":[0.6618694477],"iteration":8,"passed_time":0.1508120992,"remaining_time":16.60608781},
{"learn":[0.6323933527],"iteration":9,"passed_time":0.1516452358,"remaining_time":15.01287834},
{"learn":[0.6095285631],"iteration":10,"passed_time":0.1526268148,"remaining_time":13.72253817},
{"learn":[0.5866353004],"iteration":11,"passed_time":0.1534356938,"remaining_time":12.63287212},
{"learn":[0.5657229004],"iteration":12,"passed_time":0.1542868301,"remaining_time":11.71393087},
{"learn":[0.5474696789],"iteration":13,"passed_time":0.1555032027,"remaining_time":10.95186842},
{"learn":[0.5300467885],"iteration":14,"passed_time":0.1564599462,"remaining_time":10.27420313},
{"learn":[0.5169536183],"iteration":15,"passed_time":0.1572781468,"remaining_time":9.672606026},
{"learn":[0.504214221],"iteration":16,"passed_time":0.1580037495,"remaining_time":9.136334457},
{"learn":[0.4919009702],"iteration":17,"passed_time":0.1587764429,"remaining_time":8.66213705},
{"learn":[0.4789288757],"iteration":18,"passed_time":0.1600155947,"remaining_time":8.261857812},
{"learn":[0.4683028153],"iteration":19,"passed_time":0.1612283201,"remaining_time":7.900187683},
{"learn":[0.4577054764],"iteration":20,"passed_time":0.1626078337,"remaining_time":7.580622342},
{"learn":[0.446576285],"iteration":21,"passed_time":0.1636753143,"remaining_time":7.276111699},
{"learn":[0.4400004587],"iteration":22,"passed_time":0.1645114344,"remaining_time":6.988159626},
{"learn":[0.4317594696],"iteration":23,"passed_time":0.1655605647,"remaining_time":6.732796297},
{"learn":[0.4235572112],"iteration":24,"passed_time":0.1665429378,"remaining_time":6.495174574},
{"learn":[0.4171404877],"iteration":25,"passed_time":0.1678090737,"remaining_time":6.286386068},
{"learn":[0.4092229739],"iteration":26,"passed_time":0.1690840651,"remaining_time":6.093288715},
{"learn":[0.4030098453],"iteration":27,"passed_time":0.1704281487,"remaining_time":5.916291446},
{"learn":[0.3982424336],"iteration":28,"passed_time":0.1714438254,"remaining_time":5.740412221},
{"learn":[0.3932242657],"iteration":29,"passed_time":0.1725295969,"remaining_time":5.578456967},
{"learn":[0.3877537619],"iteration":30,"passed_time":0.1747482033,"remaining_time":5.462290614},
{"learn":[0.382895189],"iteration":31,"passed_time":0.1766258175,"remaining_time":5.342930978},
{"learn":[0.3784768957],"iteration":32,"passed_time":0.1778802751,"remaining_time":5.212431093},
{"learn":[0.3736921031],"iteration":33,"passed_time":0.1788709022,"remaining_time":5.082037985},
{"learn":[0.3697724284],"iteration":34,"passed_time":0.1805976847,"remaining_time":4.979336165},
{"learn":[0.3653360131],"iteration":35,"passed_time":0.1822587176,"remaining_time":4.880483438},
{"learn":[0.3616460541],"iteration":36,"passed_time":0.1836559142,"remaining_time":4.780017441},
{"learn":[0.3583601416],"iteration":37,"passed_time":0.1848699494,"remaining_time":4.680128718},
{"learn":[0.3547738489],"iteration":38,"passed_time":0.1861384724,"remaining_time":4.586642871},
{"learn":[0.3516389179],"iteration":39,"passed_time":0.1882523151,"remaining_time":4.518055563},
{"learn":[0.3484998423],"iteration":40,"passed_time":0.1896131432,"remaining_time":4.435097666},
{"learn":[0.3457515234],"iteration":41,"passed_time":0.190910291,"remaining_time":4.354572827},
{"learn":[0.3427839442],"iteration":42,"passed_time":0.1928230532,"remaining_time":4.291433998},
{"learn":[0.3401310222],"iteration":43,"passed_time":0.1945940628,"remaining_time":4.227998273},
{"learn":[0.3374782585],"iteration":44,"passed_time":0.1957443447,"remaining_time":4.154129983},
{"learn":[0.3348577156],"iteration":45,"passed_time":0.1969862166,"remaining_time":4.08532284},
{"learn":[0.3321068324],"iteration":46,"passed_time":0.1981577318,"remaining_time":4.017964221},
{"learn":[0.3300321382],"iteration":47,"passed_time":0.2000451664,"remaining_time":3.967562466},
{"learn":[0.327800631],"iteration":48,"passed_time":0.2012124118,"remaining_time":3.905163339},
{"learn":[0.3264857333],"iteration":49,"passed_time":0.2023278067,"remaining_time":3.844228328},
{"learn":[0.3245838134],"iteration":50,"passed_time":0.2032039635,"remaining_time":3.781187478},
{"learn":[0.3229985028],"iteration":51,"passed_time":0.2044435766,"remaining_time":3.727163666},
{"learn":[0.3222871699],"iteration":52,"passed_time":0.2057911647,"remaining_time":3.677060999},
{"learn":[0.3203640044],"iteration":53,"passed_time":0.2076495209,"remaining_time":3.637711977},
{"learn":[0.3193176312],"iteration":54,"passed_time":0.2092620895,"remaining_time":3.595503175},
{"learn":[0.3179223937],"iteration":55,"passed_time":0.2106668847,"remaining_time":3.55124177},
{"learn":[0.3162008258],"iteration":56,"passed_time":0.2127644277,"remaining_time":3.519944831},
{"learn":[0.3143491125],"iteration":57,"passed_time":0.2138986567,"remaining_time":3.474009218},
{"learn":[0.3128375614],"iteration":58,"passed_time":0.2151328663,"remaining_time":3.431186901},
{"learn":[0.3114628866],"iteration":59,"passed_time":0.2160024704,"remaining_time":3.384038704},
{"learn":[0.3106863735],"iteration":60,"passed_time":0.2168240295,"remaining_time":3.337668257},
{"learn":[0.3089415124],"iteration":61,"passed_time":0.2180665379,"remaining_time":3.299135686},
{"learn":[0.3074884129],"iteration":62,"passed_time":0.2190850357,"remaining_time":3.258455213},
{"learn":[0.3062431017],"iteration":63,"passed_time":0.2200822979,"remaining_time":3.218703607},
{"learn":[0.3045927168],"iteration":64,"passed_time":0.2210925714,"remaining_time":3.180331605},
{"learn":[0.303322741],"iteration":65,"passed_time":0.2222059707,"remaining_time":3.144551161},
{"learn":[0.3020964606],"iteration":66,"passed_time":0.2233728423,"remaining_time":3.110550178},
{"learn":[0.3010896669],"iteration":67,"passed_time":0.2244894124,"remaining_time":3.076825476},
{"learn":[0.2997964068],"iteration":68,"passed_time":0.2256581458,"remaining_time":3.044749764},
{"learn":[0.2982692303],"iteration":69,"passed_time":0.2267317531,"remaining_time":3.012293291},
{"learn":[0.2971260784],"iteration":70,"passed_time":0.2278141765,"remaining_time":2.980836197},
{"learn":[0.2963363067],"iteration":71,"passed_time":0.2295878387,"remaining_time":2.959132144},
{"learn":[0.2951334572],"iteration":72,"passed_time":0.2309621137,"remaining_time":2.932902457},
{"learn":[0.2942059463],"iteration":73,"passed_time":0.2320550819,"remaining_time":2.903824403},
{"learn":[0.2931312976],"iteration":74,"passed_time":0.2330815328,"remaining_time":2.874672238},
{"learn":[0.2919383886],"iteration":75,"passed_time":0.234039587,"remaining_time":2.845428662},
{"learn":[0.2908788684],"iteration":76,"passed_time":0.2350060907,"remaining_time":2.817021062},
{"learn":[0.2894176593],"iteration":77,"passed_time":0.2361253464,"remaining_time":2.791122684},
{"learn":[0.2887796245],"iteration":78,"passed_time":0.2373571487,"remaining_time":2.767163721},
{"learn":[0.2879918321],"iteration":79,"passed_time":0.238276229,"remaining_time":2.740176634},
{"learn":[0.287409932],"iteration":80,"passed_time":0.2392417069,"remaining_time":2.714359613},
{"learn":[0.2867613837],"iteration":81,"passed_time":0.2403145008,"remaining_time":2.690350143},
{"learn":[0.2859627469],"iteration":82,"passed_time":0.2413222829,"remaining_time":2.666175102},
{"learn":[0.2855662648],"iteration":83,"passed_time":0.2427239963,"remaining_time":2.646847388},
{"learn":[0.284914061],"iteration":84,"passed_time":0.2448098223,"remaining_time":2.635305734},
{"learn":[0.2841310835],"iteration":85,"passed_time":0.2465315266,"remaining_time":2.620114131},
{"learn":[0.28307799],"iteration":86,"passed_time":0.2477286593,"remaining_time":2.599727195},
{"learn":[0.2819217578],"iteration":87,"passed_time":0.2493175013,"remaining_time":2.583835923},
{"learn":[0.2809519879],"iteration":88,"passed_time":0.250743293,"remaining_time":2.566597078},
{"learn":[0.2801795528],"iteration":89,"passed_time":0.2516405979,"remaining_time":2.544366046},
{"learn":[0.2793546731],"iteration":90,"passed_time":0.2526195387,"remaining_time":2.523419348},
{"learn":[0.2787862383],"iteration":91,"passed_time":0.2536526385,"remaining_time":2.503441258},
{"learn":[0.278149826],"iteration":92,"passed_time":0.2549155273,"remaining_time":2.486111648},
{"learn":[0.2774588341],"iteration":93,"passed_time":0.2560159201,"remaining_time":2.467557698},
{"learn":[0.2765972242],"iteration":94,"passed_time":0.2570881549,"remaining_time":2.449102949},
{"learn":[0.2760715542],"iteration":95,"passed_time":0.2583000484,"remaining_time":2.432325456},
{"learn":[0.2754371718],"iteration":96,"passed_time":0.2592271452,"remaining_time":2.413217651},
{"learn":[0.2745795647],"iteration":97,"passed_time":0.2605208575,"remaining_time":2.397855239},
{"learn":[0.2737765159],"iteration":98,"passed_time":0.2622876338,"remaining_time":2.387082405},
{"learn":[0.2731220223],"iteration":99,"passed_time":0.2634153936,"remaining_time":2.370738543},
{"learn":[0.2723713925],"iteration":100,"passed_time":0.2644365055,"remaining_time":2.353746718},
{"learn":[0.2719006813],"iteration":101,"passed_time":0.26550543,"remaining_time":2.337488982},
{"learn":[0.2713345603],"iteration":102,"passed_time":0.2664392245,"remaining_time":2.320349363},
{"learn":[0.2706466167],"iteration":103,"passed_time":0.2678476573,"remaining_time":2.307610586},
{"learn":[0.2699248844],"iteration":104,"passed_time":0.2689639142,"remaining_time":2.292597173},
{"learn":[0.2694383099],"iteration":105,"passed_time":0.2700159614,"remaining_time":2.277304429},
{"learn":[0.2687663207],"iteration":106,"passed_time":0.2711047534,"remaining_time":2.262584531},
{"learn":[0.2681421967],"iteration":107,"passed_time":0.2725354761,"remaining_time":2.250941155},
{"learn":[0.2673220497],"iteration":108,"passed_time":0.273977239,"remaining_time":2.239575412},
{"learn":[0.2669504999],"iteration":109,"passed_time":0.2750048799,"remaining_time":2.225039482},
{"learn":[0.2665635201],"iteration":110,"passed_time":0.2759500029,"remaining_time":2.210086059},
{"learn":[0.2663127098],"iteration":111,"passed_time":0.2769216535,"remaining_time":2.19559311},
{"learn":[0.2658295924],"iteration":112,"passed_time":0.2778142876,"remaining_time":2.180719231},
{"learn":[0.2650784432],"iteration":113,"passed_time":0.2789839053,"remaining_time":2.168243334},
{"learn":[0.26453558],"iteration":114,"passed_time":0.2803100309,"remaining_time":2.157168498},
{"learn":[0.2639650343],"iteration":115,"passed_time":0.2816762717,"remaining_time":2.14656745},
{"learn":[0.2635051299],"iteration":116,"passed_time":0.2825679905,"remaining_time":2.13254304},
{"learn":[0.2630973076],"iteration":117,"passed_time":0.2835208589,"remaining_time":2.119198284},
{"learn":[0.2625899101],"iteration":118,"passed_time":0.2846950419,"remaining_time":2.107700268},
{"learn":[0.2620344833],"iteration":119,"passed_time":0.2860185429,"remaining_time":2.097469315},
{"learn":[0.2613885736],"iteration":120,"passed_time":0.2871572012,"remaining_time":2.086042809},
{"learn":[0.2609202233],"iteration":121,"passed_time":0.2883962139,"remaining_time":2.075507179},
{"learn":[0.2604118065],"iteration":122,"passed_time":0.2894669768,"remaining_time":2.063923079},
{"learn":[0.2599771437],"iteration":123,"passed_time":0.2905509372,"remaining_time":2.052601782},
{"learn":[0.259511029],"iteration":124,"passed_time":0.2921475478,"remaining_time":2.045032835},
{"learn":[0.2589785522],"iteration":125,"passed_time":0.293500503,"remaining_time":2.035868568},
{"learn":[0.2584190006],"iteration":126,"passed_time":0.2944876391,"remaining_time":2.024312669},
{"learn":[0.2578586101],"iteration":127,"passed_time":0.2955302577,"remaining_time":2.013299881},
{"learn":[0.2575358455],"iteration":128,"passed_time":0.296798962,"remaining_time":2.003968186},
{"learn":[0.2571386978],"iteration":129,"passed_time":0.2983555441,"remaining_time":1.996687103},
{"learn":[0.2567346643],"iteration":130,"passed_time":0.299737809,"remaining_time":1.988337069},
{"learn":[0.2563357577],"iteration":131,"passed_time":0.3008610043,"remaining_time":1.978389028},
{"learn":[0.2559363201],"iteration":132,"passed_time":0.3019360874,"remaining_time":1.968260059},
{"learn":[0.2554576469],"iteration":133,"passed_time":0.303043255,"remaining_time":1.958473573},
{"learn":[0.2551255122],"iteration":134,"passed_time":0.3046810426,"remaining_time":1.952215569},
{"learn":[0.2545087769],"iteration":135,"passed_time":0.3062716156,"remaining_time":1.945725558},
{"learn":[0.2540535083],"iteration":136,"passed_time":0.3075757531,"remaining_time":1.937502737},
{"learn":[0.2535572058],"iteration":137,"passed_time":0.3085426051,"remaining_time":1.927273374},
{"learn":[0.2532176045],"iteration":138,"passed_time":0.3095567545,"remaining_time":1.917470256},
{"learn":[0.2525997754],"iteration":139,"passed_time":0.3108954406,"remaining_time":1.909786278},
{"learn":[0.2523467646],"iteration":140,"passed_time":0.3157493314,"remaining_time":1.923607629},
{"learn":[0.2520025823],"iteration":141,"passed_time":0.3174690384,"remaining_time":1.918228415},
{"learn":[0.2514940826],"iteration":142,"passed_time":0.3187887645,"remaining_time":1.910503295},
{"learn":[0.2512447986],"iteration":143,"passed_time":0.3199313589,"remaining_time":1.901814189},
{"learn":[0.2509315714],"iteration":144,"passed_time":0.3210950292,"remaining_time":1.893353448},
{"learn":[0.2506192652],"iteration":145,"passed_time":0.3223928283,"remaining_time":1.885777229},
{"learn":[0.2503006232],"iteration":146,"passed_time":0.3244760955,"remaining_time":1.882844282},
{"learn":[0.2497579623],"iteration":147,"passed_time":0.3255828307,"remaining_time":1.874301161},
{"learn":[0.2496150754],"iteration":148,"passed_time":0.3264964718,"remaining_time":1.864755017},
{"learn":[0.2494203534],"iteration":149,"passed_time":0.3274669052,"remaining_time":1.855645796},
{"learn":[0.2490897845],"iteration":150,"passed_time":0.3284584314,"remaining_time":1.846762969},
{"learn":[0.2486139391],"iteration":151,"passed_time":0.3312425452,"remaining_time":1.847984726},
{"learn":[0.2482787284],"iteration":152,"passed_time":0.3327554032,"remaining_time":1.842116513},
{"learn":[0.2480134028],"iteration":153,"passed_time":0.3341364441,"remaining_time":1.835580725},
{"learn":[0.2476409769],"iteration":154,"passed_time":0.3365523626,"remaining_time":1.834753203},
{"learn":[0.2473696489],"iteration":155,"passed_time":0.3380561585,"remaining_time":1.828970499},
{"learn":[0.2471220758],"iteration":156,"passed_time":0.339830148,"remaining_time":1.824693088},
{"learn":[0.246797163],"iteration":157,"passed_time":0.3407708617,"remaining_time":1.816006744},
{"learn":[0.2464799741],"iteration":158,"passed_time":0.342138197,"remaining_time":1.809674363},
{"learn":[0.2461267872],"iteration":159,"passed_time":0.3434684411,"remaining_time":1.803209316},
{"learn":[0.245831503],"iteration":160,"passed_time":0.3447421362,"remaining_time":1.796513368},
{"learn":[0.2455787199],"iteration":161,"passed_time":0.3462095231,"remaining_time":1.790886299},
{"learn":[0.2453567087],"iteration":162,"passed_time":0.3474736769,"remaining_time":1.784266672},
{"learn":[0.245080775],"iteration":163,"passed_time":0.3486648795,"remaining_time":1.777340484},
{"learn":[0.2448724579],"iteration":164,"passed_time":0.3499091871,"remaining_time":1.770752553},
{"learn":[0.2446192376],"iteration":165,"passed_time":0.3511036479,"remaining_time":1.763978569},
{"learn":[0.2443690894],"iteration":166,"passed_time":0.3521403043,"remaining_time":1.756484272},
{"learn":[0.2440618572],"iteration":167,"passed_time":0.3532572835,"remaining_time":1.749464642},
{"learn":[0.2436484695],"iteration":168,"passed_time":0.354648898,"remaining_time":1.743865292},
{"learn":[0.2433609302],"iteration":169,"passed_time":0.3559559321,"remaining_time":1.737902492},
{"learn":[0.2431296483],"iteration":170,"passed_time":0.357001213,"remaining_time":1.730725179},
{"learn":[0.2428298564],"iteration":171,"passed_time":0.3582285009,"remaining_time":1.724495342},
{"learn":[0.2425296225],"iteration":172,"passed_time":0.359259921,"remaining_time":1.717387021},
{"learn":[0.2422623891],"iteration":173,"passed_time":0.3607397894,"remaining_time":1.712477391},
{"learn":[0.2419929846],"iteration":174,"passed_time":0.362175953,"remaining_time":1.707400921},
{"learn":[0.2417263736],"iteration":175,"passed_time":0.363337987,"remaining_time":1.701082394},
{"learn":[0.2414770132],"iteration":176,"passed_time":0.3643068238,"remaining_time":1.693923819},
{"learn":[0.2411986841],"iteration":177,"passed_time":0.3652166451,"remaining_time":1.68656226},
{"learn":[0.2409146788],"iteration":178,"passed_time":0.3662887889,"remaining_time":1.680017294},
{"learn":[0.2407044797],"iteration":179,"passed_time":0.3674190321,"remaining_time":1.673797813},
{"learn":[0.2405779208],"iteration":180,"passed_time":0.3683805843,"remaining_time":1.666871263},
{"learn":[0.2404148251],"iteration":181,"passed_time":0.36929175,"remaining_time":1.659783799},
{"learn":[0.2401864697],"iteration":182,"passed_time":0.3702338273,"remaining_time":1.652901841},
{"learn":[0.2400283139],"iteration":183,"passed_time":0.3717326087,"remaining_time":1.648553308},
{"learn":[0.2397859298],"iteration":184,"passed_time":0.3739799651,"remaining_time":1.64753336},
{"learn":[0.2395284386],"iteration":185,"passed_time":0.374990687,"remaining_time":1.641088275},
{"learn":[0.2393739108],"iteration":186,"passed_time":0.3763313411,"remaining_time":1.636135724},
{"learn":[0.2391286012],"iteration":187,"passed_time":0.3773744562,"remaining_time":1.629936481},
{"learn":[0.2389694714],"iteration":188,"passed_time":0.3783997701,"remaining_time":1.623715416},
{"learn":[0.2386759617],"iteration":189,"passed_time":0.3800618329,"remaining_time":1.620263603},
{"learn":[0.238446126],"iteration":190,"passed_time":0.381086023,"remaining_time":1.614128757},
{"learn":[0.2382193436],"iteration":191,"passed_time":0.3820653621,"remaining_time":1.607858399},
{"learn":[0.2379772357],"iteration":192,"passed_time":0.3830062174,"remaining_time":1.601481955},
{"learn":[0.2377247616],"iteration":193,"passed_time":0.3843360652,"remaining_time":1.596777673},
{"learn":[0.2374917082],"iteration":194,"passed_time":0.3862603664,"remaining_time":1.594562025},
{"learn":[0.2372838857],"iteration":195,"passed_time":0.3872881312,"remaining_time":1.588671722},
{"learn":[0.237099197],"iteration":196,"passed_time":0.3882904909,"remaining_time":1.58272723},
{"learn":[0.2368519121],"iteration":197,"passed_time":0.3892681251,"remaining_time":1.576732507},
{"learn":[0.2367247144],"iteration":198,"passed_time":0.3902601293,"remaining_time":1.570846048},
{"learn":[0.2365359712],"iteration":199,"passed_time":0.3912759336,"remaining_time":1.565103734},
{"learn":[0.236306866],"iteration":200,"passed_time":0.3924105203,"remaining_time":1.559880625},
{"learn":[0.2360484262],"iteration":201,"passed_time":0.393573808,"remaining_time":1.55481138},
{"learn":[0.235791581],"iteration":202,"passed_time":0.3947380149,"remaining_time":1.549784226},
{"learn":[0.2356495032],"iteration":203,"passed_time":0.3958392884,"remaining_time":1.54454938},
{"learn":[0.2355081352],"iteration":204,"passed_time":0.3969263971,"remaining_time":1.53929993},
{"learn":[0.2352829176],"iteration":205,"passed_time":0.3980624614,"remaining_time":1.534279584},
{"learn":[0.235043764],"iteration":206,"passed_time":0.3991883209,"remaining_time":1.529257674},
{"learn":[0.2349024813],"iteration":207,"passed_time":0.4003290969,"remaining_time":1.524330023},
{"learn":[0.2347684415],"iteration":208,"passed_time":0.4014692046,"remaining_time":1.519436081},
{"learn":[0.2346239356],"iteration":209,"passed_time":0.4025240028,"remaining_time":1.514256963},
{"learn":[0.2344497567],"iteration":210,"passed_time":0.4035808343,"remaining_time":1.509124542},
{"learn":[0.2342960707],"iteration":211,"passed_time":0.4047502439,"remaining_time":1.50444902},
{"learn":[0.2341494733],"iteration":212,"passed_time":0.405765242,"remaining_time":1.499235894},
{"learn":[0.2340322839],"iteration":213,"passed_time":0.4067113316,"remaining_time":1.493808909},
{"learn":[0.2338307069],"iteration":214,"passed_time":0.4077181367,"remaining_time":1.48864529},
{"learn":[0.2337184294],"iteration":215,"passed_time":0.4087951394,"remaining_time":1.48377495},
{"learn":[0.2335689354],"iteration":216,"passed_time":0.4096865631,"remaining_time":1.478269949},
{"learn":[0.2333449646],"iteration":217,"passed_time":0.4107548619,"remaining_time":1.473441752},
{"learn":[0.2331865967],"iteration":218,"passed_time":0.4116235436,"remaining_time":1.467936016},
{"learn":[0.2330454482],"iteration":219,"passed_time":0.412614777,"remaining_time":1.462906937},
{"learn":[0.232853061],"iteration":220,"passed_time":0.4136349753,"remaining_time":1.458016497},
{"learn":[0.2327405222],"iteration":221,"passed_time":0.414696245,"remaining_time":1.453304859},
{"learn":[0.2326409391],"iteration":222,"passed_time":0.4158726772,"remaining_time":1.449027221},
{"learn":[0.2325348058],"iteration":223,"passed_time":0.4170913022,"remaining_time":1.44492344},
{"learn":[0.2323907874],"iteration":224,"passed_time":0.4181679215,"remaining_time":1.440356174},
{"learn":[0.2322400098],"iteration":225,"passed_time":0.4190364773,"remaining_time":1.435107227},
{"learn":[0.2320731768],"iteration":226,"passed_time":0.4199483143,"remaining_time":1.43004426},
{"learn":[0.2319239569],"iteration":227,"passed_time":0.4208738534,"remaining_time":1.4250641},
{"learn":[0.2317963961],"iteration":228,"passed_time":0.4220375397,"remaining_time":1.420921149},
{"learn":[0.2316449483],"iteration":229,"passed_time":0.4231725448,"remaining_time":1.416708085},
{"learn":[0.2314942401],"iteration":230,"passed_time":0.4241624274,"remaining_time":1.412038557},
{"learn":[0.2313573307],"iteration":231,"passed_time":0.4250284814,"remaining_time":1.406990835},
{"learn":[0.2311280642],"iteration":232,"passed_time":0.4260247305,"remaining_time":1.402407589},
{"learn":[0.2309967673],"iteration":233,"passed_time":0.42703047,"remaining_time":1.397886069},
{"learn":[0.2308865824],"iteration":234,"passed_time":0.4280490777,"remaining_time":1.393436359},
{"learn":[0.2307467783],"iteration":235,"passed_time":0.4290856884,"remaining_time":1.389074008},
{"learn":[0.2306143355],"iteration":236,"passed_time":0.4301843666,"remaining_time":1.384939543},
{"learn":[0.2304881171],"iteration":237,"passed_time":0.4311465312,"remaining_time":1.380393516},
{"learn":[0.2302827858],"iteration":238,"passed_time":0.4321544197,"remaining_time":1.376023068},
{"learn":[0.2301619864],"iteration":239,"passed_time":0.4331787762,"remaining_time":1.371732791},
{"learn":[0.2300534021],"iteration":240,"passed_time":0.4341602589,"remaining_time":1.367334591},
{"learn":[0.2299027473],"iteration":241,"passed_time":0.4352889119,"remaining_time":1.3634256},
{"learn":[0.2297891688],"iteration":242,"passed_time":0.436312792,"remaining_time":1.359213101},
{"learn":[0.2296875198],"iteration":243,"passed_time":0.4372313882,"remaining_time":1.354700531},
{"learn":[0.2295895031],"iteration":244,"passed_time":0.4381905613,"remaining_time":1.350342342},
{"learn":[0.2294542123],"iteration":245,"passed_time":0.4392233001,"remaining_time":1.346237269},
{"learn":[0.2293035195],"iteration":246,"passed_time":0.440157912,"remaining_time":1.341857926},
{"learn":[0.2291483305],"iteration":247,"passed_time":0.4416250326,"remaining_time":1.339121067},
{"learn":[0.2290260714],"iteration":248,"passed_time":0.4427917703,"remaining_time":1.335488432},
{"learn":[0.2288809277],"iteration":249,"passed_time":0.4438040708,"remaining_time":1.331412212},
{"learn":[0.2287465363],"iteration":250,"passed_time":0.4447619364,"remaining_time":1.32719797},
{"learn":[0.2285967622],"iteration":251,"passed_time":0.4459161019,"remaining_time":1.323592239},
{"learn":[0.2284547682],"iteration":252,"passed_time":0.44693713,"remaining_time":1.319612791},
{"learn":[0.2283086085],"iteration":253,"passed_time":0.4480250104,"remaining_time":1.315852983},
{"learn":[0.2281713018],"iteration":254,"passed_time":0.4491538747,"remaining_time":1.312233869},
{"learn":[0.2280617958],"iteration":255,"passed_time":0.4501309353,"remaining_time":1.308193031},
{"learn":[0.2279399543],"iteration":256,"passed_time":0.451243978,"remaining_time":1.304569166},
{"learn":[0.2278060254],"iteration":257,"passed_time":0.4522588474,"remaining_time":1.300682422},
{"learn":[0.2276356927],"iteration":258,"passed_time":0.4531641487,"remaining_time":1.296504379},
{"learn":[0.2275257848],"iteration":259,"passed_time":0.4544860775,"remaining_time":1.293537298},
{"learn":[0.2273536035],"iteration":260,"passed_time":0.4557300121,"remaining_time":1.290361988},
{"learn":[0.2272195383],"iteration":261,"passed_time":0.4570283246,"remaining_time":1.287354594},
{"learn":[0.227082929],"iteration":262,"passed_time":0.4581105094,"remaining_time":1.283754545},
{"learn":[0.2269855716],"iteration":263,"passed_time":0.4591792806,"remaining_time":1.280136176},
{"learn":[0.2268732598],"iteration":264,"passed_time":0.4602907255,"remaining_time":1.276655409},
{"learn":[0.2267400986],"iteration":265,"passed_time":0.4614474281,"remaining_time":1.273317339},
{"learn":[0.2266259006],"iteration":266,"passed_time":0.4628327496,"remaining_time":1.270623241},
{"learn":[0.2265413358],"iteration":267,"passed_time":0.4638900063,"remaining_time":1.267042853},
{"learn":[0.2264228058],"iteration":268,"passed_time":0.4650295686,"remaining_time":1.263704887},
{"learn":[0.2263124566],"iteration":269,"passed_time":0.4660779064,"remaining_time":1.260136562},
{"learn":[0.2262062273],"iteration":270,"passed_time":0.4674433503,"remaining_time":1.257439861},
{"learn":[0.2261115301],"iteration":271,"passed_time":0.4686438752,"remaining_time":1.254311548},
{"learn":[0.2259797434],"iteration":272,"passed_time":0.4695961781,"remaining_time":1.250536342},
{"learn":[0.2258729343],"iteration":273,"passed_time":0.4707029069,"remaining_time":1.247190914},
{"learn":[0.2257588109],"iteration":274,"passed_time":0.4717347689,"remaining_time":1.243664391},
{"learn":[0.225657861],"iteration":275,"passed_time":0.472874689,"remaining_time":1.240439402},
{"learn":[0.2255317492],"iteration":276,"passed_time":0.4738740095,"remaining_time":1.236862487},
{"learn":[0.2254016001],"iteration":277,"passed_time":0.4748840576,"remaining_time":1.233331977},
{"learn":[0.225253704],"iteration":278,"passed_time":0.4758665551,"remaining_time":1.229748338},
{"learn":[0.22511336],"iteration":279,"passed_time":0.4769132718,"remaining_time":1.226348413},
{"learn":[0.2249987942],"iteration":280,"passed_time":0.4778408209,"remaining_time":1.222660321},
{"learn":[0.2249210173],"iteration":281,"passed_time":0.4790321639,"remaining_time":1.219663453},
{"learn":[0.224798972],"iteration":282,"passed_time":0.4800457639,"remaining_time":1.21622902},
{"learn":[0.2246998208],"iteration":283,"passed_time":0.4809553735,"remaining_time":1.212549463},
{"learn":[0.2245824949],"iteration":284,"passed_time":0.4820742569,"remaining_time":1.209414364},
{"learn":[0.2244774732],"iteration":285,"passed_time":0.4830411329,"remaining_time":1.205913877},
{"learn":[0.2243748476],"iteration":286,"passed_time":0.4841130412,"remaining_time":1.20269198},
{"learn":[0.2242538248],"iteration":287,"passed_time":0.4853353448,"remaining_time":1.199856825},
{"learn":[0.2241710781],"iteration":288,"passed_time":0.4863673199,"remaining_time":1.196564583},
{"learn":[0.2240885752],"iteration":289,"passed_time":0.4874893958,"remaining_time":1.193508521},
{"learn":[0.2240010313],"iteration":290,"passed_time":0.4884682291,"remaining_time":1.190116751},
{"learn":[0.2239262579],"iteration":291,"passed_time":0.4894137733,"remaining_time":1.186660793},
{"learn":[0.2238631139],"iteration":292,"passed_time":0.4903158661,"remaining_time":1.183117124},
{"learn":[0.2237652723],"iteration":293,"passed_time":0.491339313,"remaining_time":1.17988284},
{"learn":[0.2236878429],"iteration":294,"passed_time":0.4922578992,"remaining_time":1.176412946},
{"learn":[0.2235974424],"iteration":295,"passed_time":0.493169401,"remaining_time":1.17294344},
{"learn":[0.2235108342],"iteration":296,"passed_time":0.4940663418,"remaining_time":1.169456694},
{"learn":[0.2233875595],"iteration":297,"passed_time":0.4949899027,"remaining_time":1.166050039},
{"learn":[0.2232911061],"iteration":298,"passed_time":0.4959904818,"remaining_time":1.162840561},
{"learn":[0.2232006561],"iteration":299,"passed_time":0.4969001531,"remaining_time":1.159433691},
{"learn":[0.2231097663],"iteration":300,"passed_time":0.498068333,"remaining_time":1.156643737},
{"learn":[0.2230616033],"iteration":301,"passed_time":0.4990396888,"remaining_time":1.153409612},
{"learn":[0.2229471642],"iteration":302,"passed_time":0.5000703036,"remaining_time":1.150326738},
{"learn":[0.2228618941],"iteration":303,"passed_time":0.5010450821,"remaining_time":1.14712953},
{"learn":[0.2228026942],"iteration":304,"passed_time":0.5020424214,"remaining_time":1.143998304},
{"learn":[0.2226984865],"iteration":305,"passed_time":0.5031734699,"remaining_time":1.141184275},
{"learn":[0.2226450188],"iteration":306,"passed_time":0.5041274324,"remaining_time":1.137981468},
{"learn":[0.2225523106],"iteration":307,"passed_time":0.5050218801,"remaining_time":1.134659549},
{"learn":[0.2224604295],"iteration":308,"passed_time":0.5058453458,"remaining_time":1.131194608},
{"learn":[0.2223775935],"iteration":309,"passed_time":0.5066993502,"remaining_time":1.127814683},
{"learn":[0.2222946847],"iteration":310,"passed_time":0.5078457595,"remaining_time":1.125098805},
{"learn":[0.2222235867],"iteration":311,"passed_time":0.5087671018,"remaining_time":1.121896686},
{"learn":[0.2221388908],"iteration":312,"passed_time":0.5097534944,"remaining_time":1.118851919},
{"learn":[0.222038497],"iteration":313,"passed_time":0.5107731119,"remaining_time":1.11589285},
{"learn":[0.2219417862],"iteration":314,"passed_time":0.5116616945,"remaining_time":1.112661145},
{"learn":[0.2218356801],"iteration":315,"passed_time":0.5127311267,"remaining_time":1.10983573},
{"learn":[0.221751869],"iteration":316,"passed_time":0.5138226455,"remaining_time":1.107068981},
{"learn":[0.2216610592],"iteration":317,"passed_time":0.5148597968,"remaining_time":1.104196168},
{"learn":[0.2215785701],"iteration":318,"passed_time":0.5159052341,"remaining_time":1.101352553},
{"learn":[0.2214642007],"iteration":319,"passed_time":0.5170831494,"remaining_time":1.098801692},
{"learn":[0.2213850269],"iteration":320,"passed_time":0.5180573135,"remaining_time":1.095828398},
{"learn":[0.2213101149],"iteration":321,"passed_time":0.5191012797,"remaining_time":1.093014496},
{"learn":[0.2212620772],"iteration":322,"passed_time":0.5200989502,"remaining_time":1.090114518},
{"learn":[0.2212063879],"iteration":323,"passed_time":0.5210988996,"remaining_time":1.087231037},
{"learn":[0.2211404702],"iteration":324,"passed_time":0.5222613314,"remaining_time":1.084696611},
{"learn":[0.2210524211],"iteration":325,"passed_time":0.5233086481,"remaining_time":1.081932604},
{"learn":[0.2209842247],"iteration":326,"passed_time":0.5242968567,"remaining_time":1.079057445},
{"learn":[0.2209145679],"iteration":327,"passed_time":0.5254605342,"remaining_time":1.07655329},
{"learn":[0.2208574541],"iteration":328,"passed_time":0.5264216725,"remaining_time":1.073644201},
{"learn":[0.2207968047],"iteration":329,"passed_time":0.5274072052,"remaining_time":1.070796447},
{"learn":[0.2207275348],"iteration":330,"passed_time":0.528531487,"remaining_time":1.068240377},
{"learn":[0.2206597798],"iteration":331,"passed_time":0.5295931409,"remaining_time":1.065566922},
{"learn":[0.2205918717],"iteration":332,"passed_time":0.5304932541,"remaining_time":1.062579581},
{"learn":[0.2204980831],"iteration":333,"passed_time":0.5314323018,"remaining_time":1.059682374},
{"learn":[0.2204385183],"iteration":334,"passed_time":0.5323724468,"remaining_time":1.056799036},
{"learn":[0.2203708721],"iteration":335,"passed_time":0.533508505,"remaining_time":1.054314427},
{"learn":[0.2203060476],"iteration":336,"passed_time":0.5345556765,"remaining_time":1.051662948},
{"learn":[0.2202235789],"iteration":337,"passed_time":0.5355641966,"remaining_time":1.048945261},
{"learn":[0.2201607785],"iteration":338,"passed_time":0.5366990007,"remaining_time":1.046483892},
{"learn":[0.2200791424],"iteration":339,"passed_time":0.537619034,"remaining_time":1.043613419},
{"learn":[0.2200350284],"iteration":340,"passed_time":0.5385637487,"remaining_time":1.040802083},
{"learn":[0.2199795473],"iteration":341,"passed_time":0.5397106698,"remaining_time":1.038390704},
{"learn":[0.2199129455],"iteration":342,"passed_time":0.5411155948,"remaining_time":1.036480892},
{"learn":[0.2198460556],"iteration":343,"passed_time":0.5421797763,"remaining_time":1.033924225},
{"learn":[0.2197965006],"iteration":344,"passed_time":0.5433286313,"remaining_time":1.031536967},
{"learn":[0.2197391493],"iteration":345,"passed_time":0.5443410253,"remaining_time":1.028898932},
{"learn":[0.2196689118],"iteration":346,"passed_time":0.545386629,"remaining_time":1.026332763},
{"learn":[0.2195737833],"iteration":347,"passed_time":0.5465733633,"remaining_time":1.02403975},
{"learn":[0.2194997688],"iteration":348,"passed_time":0.5476727009,"remaining_time":1.021590052},
{"learn":[0.2194348378],"iteration":349,"passed_time":0.5486600705,"remaining_time":1.018940131},
{"learn":[0.219383843],"iteration":350,"passed_time":0.5497305791,"remaining_time":1.016453407},
{"learn":[0.2193353692],"iteration":351,"passed_time":0.5506988107,"remaining_time":1.013786447},
{"learn":[0.219278604],"iteration":352,"passed_time":0.5517563168,"remaining_time":1.011292739},
{"learn":[0.2192253997],"iteration":353,"passed_time":0.5530944714,"remaining_time":1.00931929},
{"learn":[0.2191353571],"iteration":354,"passed_time":0.5541884544,"remaining_time":1.006905783},
{"learn":[0.2190860003],"iteration":355,"passed_time":0.5552472467,"remaining_time":1.004436031},
{"learn":[0.2190360022],"iteration":356,"passed_time":0.5562853413,"remaining_time":1.001936903},
{"learn":[0.2189767105],"iteration":357,"passed_time":0.5573410796,"remaining_time":0.9994775784},
{"learn":[0.2189205732],"iteration":358,"passed_time":0.558472246,"remaining_time":0.9971607512},
{"learn":[0.2188603426],"iteration":359,"passed_time":0.5597283529,"remaining_time":0.9950726273},
{"learn":[0.218800642],"iteration":360,"passed_time":0.5607475369,"remaining_time":0.9925697398},
{"learn":[0.218751773],"iteration":361,"passed_time":0.5618310436,"remaining_time":0.9901884139},
{"learn":[0.2186900526],"iteration":362,"passed_time":0.5628571576,"remaining_time":0.9877135245},
{"learn":[0.2186571678],"iteration":363,"passed_time":0.56382342,"remaining_time":0.9851420195},
{"learn":[0.2186066388],"iteration":364,"passed_time":0.5647038481,"remaining_time":0.9824299822},
{"learn":[0.2185498399],"iteration":365,"passed_time":0.5657405197,"remaining_time":0.9799986051},
{"learn":[0.218503401],"iteration":366,"passed_time":0.5666231677,"remaining_time":0.9773091693},
{"learn":[0.2184398794],"iteration":367,"passed_time":0.5675767845,"remaining_time":0.9747514342},
{"learn":[0.2183839286],"iteration":368,"passed_time":0.5684895211,"remaining_time":0.9721324874},
{"learn":[0.2183264203],"iteration":369,"passed_time":0.5693319592,"remaining_time":0.9694030657},
{"learn":[0.2182777277],"iteration":370,"passed_time":0.5702511081,"remaining_time":0.9668138733},
{"learn":[0.2182157182],"iteration":371,"passed_time":0.5711385953,"remaining_time":0.9641802093},
{"learn":[0.2181290766],"iteration":372,"passed_time":0.5722086788,"remaining_time":0.9618628462},
{"learn":[0.2180892182],"iteration":373,"passed_time":0.5731705195,"remaining_time":0.9593709764},
{"learn":[0.2180390922],"iteration":374,"passed_time":0.5742226281,"remaining_time":0.9570377134},
{"learn":[0.2179885527],"iteration":375,"passed_time":0.575151443,"remaining_time":0.9545066501},
{"learn":[0.2179371305],"iteration":376,"passed_time":0.5760520631,"remaining_time":0.9519374942},
{"learn":[0.2178909406],"iteration":377,"passed_time":0.5771007651,"remaining_time":0.9496208356},
{"learn":[0.2178313999],"iteration":378,"passed_time":0.5781675747,"remaining_time":0.9473405379},
{"learn":[0.2177532565],"iteration":379,"passed_time":0.5791165804,"remaining_time":0.9448744207},
{"learn":[0.217709834],"iteration":380,"passed_time":0.5799642183,"remaining_time":0.9422515777},
{"learn":[0.2176535748],"iteration":381,"passed_time":0.5811440431,"remaining_time":0.9401754414},
{"learn":[0.2176165396],"iteration":382,"passed_time":0.5821973613,"remaining_time":0.9379001878},
{"learn":[0.2175813458],"iteration":383,"passed_time":0.5831444287,"remaining_time":0.9354608543},
{"learn":[0.2175421896],"iteration":384,"passed_time":0.5844505639,"remaining_time":0.9336028489},
{"learn":[0.2175193482],"iteration":385,"passed_time":0.5855427052,"remaining_time":0.9314073083},
{"learn":[0.2174853673],"iteration":386,"passed_time":0.5866024805,"remaining_time":0.929166203},
{"learn":[0.2174379333],"iteration":387,"passed_time":0.5880332703,"remaining_time":0.9275163954},
{"learn":[0.2173924181],"iteration":388,"passed_time":0.5892567305,"remaining_time":0.9255420625},
{"learn":[0.2173723452],"iteration":389,"passed_time":0.5907814844,"remaining_time":0.9240428346},
{"learn":[0.2172976971],"iteration":390,"passed_time":0.5918493709,"remaining_time":0.9218318846},
{"learn":[0.2172555401],"iteration":391,"passed_time":0.5929339866,"remaining_time":0.9196527139},
{"learn":[0.217203666],"iteration":392,"passed_time":0.5941523116,"remaining_time":0.9176856314},
{"learn":[0.2171708251],"iteration":393,"passed_time":0.5951720615,"remaining_time":0.9154169271},
{"learn":[0.2171480037],"iteration":394,"passed_time":0.5964286432,"remaining_time":0.913517289},
{"learn":[0.217105276],"iteration":395,"passed_time":0.5975676922,"remaining_time":0.9114416315},
{"learn":[0.2170452415],"iteration":396,"passed_time":0.5986103605,"remaining_time":0.9092243007},
{"learn":[0.2169953509],"iteration":397,"passed_time":0.5996131783,"remaining_time":0.9069525963},
{"learn":[0.2169113572],"iteration":398,"passed_time":0.6007465025,"remaining_time":0.9048838295},
{"learn":[0.2168717255],"iteration":399,"passed_time":0.6016520966,"remaining_time":0.9024781449},
{"learn":[0.2168486985],"iteration":400,"passed_time":0.6026069839,"remaining_time":0.9001535745},
{"learn":[0.216811837],"iteration":401,"passed_time":0.6035937599,"remaining_time":0.8978832548},
{"learn":[0.2167949571],"iteration":402,"passed_time":0.6044254186,"remaining_time":0.8953895158},
{"learn":[0.2167670274],"iteration":403,"passed_time":0.605394486,"remaining_time":0.8931067169},
{"learn":[0.2167259763],"iteration":404,"passed_time":0.6063942187,"remaining_time":0.8908754571},
{"learn":[0.2166824938],"iteration":405,"passed_time":0.6076460358,"remaining_time":0.889019077},
{"learn":[0.2166253586],"iteration":406,"passed_time":0.6086698982,"remaining_time":0.8868335372},
{"learn":[0.2165781298],"iteration":407,"passed_time":0.609768406,"remaining_time":0.8847620009},
{"learn":[0.216540329],"iteration":408,"passed_time":0.6107558991,"remaining_time":0.8825348077},
{"learn":[0.2164909703],"iteration":409,"passed_time":0.6118275869,"remaining_time":0.8804348201},
{"learn":[0.2164376449],"iteration":410,"passed_time":0.6128695437,"remaining_time":0.8782972293},
{"learn":[0.2163993907],"iteration":411,"passed_time":0.6138823937,"remaining_time":0.8761234163},
{"learn":[0.2163571722],"iteration":412,"passed_time":0.6148426152,"remaining_time":0.873880424},
{"learn":[0.2163199482],"iteration":413,"passed_time":0.6160090152,"remaining_time":0.8719354659},
{"learn":[0.2162839102],"iteration":414,"passed_time":0.6170903814,"remaining_time":0.8698743931},
{"learn":[0.2162497388],"iteration":415,"passed_time":0.6181001721,"remaining_time":0.8677175493},
{"learn":[0.2162099427],"iteration":416,"passed_time":0.6191410982,"remaining_time":0.8656097368},
{"learn":[0.2161634053],"iteration":417,"passed_time":0.6202008367,"remaining_time":0.8635332224},
{"learn":[0.2160877389],"iteration":418,"passed_time":0.6212678705,"remaining_time":0.8614716772},
{"learn":[0.2160380241],"iteration":419,"passed_time":0.6224407075,"remaining_time":0.8595609771},
{"learn":[0.2159927131],"iteration":420,"passed_time":0.6237217229,"remaining_time":0.8578025596},
{"learn":[0.2159391952],"iteration":421,"passed_time":0.6248682878,"remaining_time":0.8558622521},
{"learn":[0.2159008236],"iteration":422,"passed_time":0.6260418259,"remaining_time":0.8539624907},
{"learn":[0.2158613086],"iteration":423,"passed_time":0.6276151548,"remaining_time":0.8526092669},
{"learn":[0.2158100687],"iteration":424,"passed_time":0.6288474826,"remaining_time":0.8507936529},
{"learn":[0.2157774352],"iteration":425,"passed_time":0.6300562013,"remaining_time":0.848948966},
{"learn":[0.2157465946],"iteration":426,"passed_time":0.6311724361,"remaining_time":0.8469831519},
{"learn":[0.2157013825],"iteration":427,"passed_time":0.6323115773,"remaining_time":0.845051921},
{"learn":[0.215649952],"iteration":428,"passed_time":0.6333964448,"remaining_time":0.8430521445},
{"learn":[0.2156027996],"iteration":429,"passed_time":0.6347381918,"remaining_time":0.841397138},
{"learn":[0.2155502711],"iteration":430,"passed_time":0.6359358363,"remaining_time":0.8395533431},
{"learn":[0.2155124941],"iteration":431,"passed_time":0.6371804053,"remaining_time":0.8377742367},
{"learn":[0.2154896861],"iteration":432,"passed_time":0.6382042453,"remaining_time":0.8357085614},
{"learn":[0.2154512593],"iteration":433,"passed_time":0.6392658303,"remaining_time":0.8336969123},
{"learn":[0.2154262083],"iteration":434,"passed_time":0.6404823777,"remaining_time":0.8318909044},
{"learn":[0.2153910803],"iteration":435,"passed_time":0.6416132666,"remaining_time":0.8299767945},
{"learn":[0.2153642268],"iteration":436,"passed_time":0.6425168386,"remaining_time":0.8277734099},
{"learn":[0.2153220889],"iteration":437,"passed_time":0.6434661038,"remaining_time":0.8256345898},
{"learn":[0.2152952181],"iteration":438,"passed_time":0.6444555774,"remaining_time":0.8235525715},
{"learn":[0.2152611214],"iteration":439,"passed_time":0.6454711835,"remaining_time":0.821508779},
{"learn":[0.2152241973],"iteration":440,"passed_time":0.6466564351,"remaining_time":0.8196846875},
{"learn":[0.2151805433],"iteration":441,"passed_time":0.6476757887,"remaining_time":0.81765405},
{"learn":[0.2151522658],"iteration":442,"passed_time":0.648699822,"remaining_time":0.815633862},
{"learn":[0.2151050661],"iteration":443,"passed_time":0.6497512319,"remaining_time":0.8136524436},
{"learn":[0.2150711041],"iteration":444,"passed_time":0.6506905516,"remaining_time":0.811535407},
{"learn":[0.2150364303],"iteration":445,"passed_time":0.6517246516,"remaining_time":0.8095413833},
{"learn":[0.2150014349],"iteration":446,"passed_time":0.6527169518,"remaining_time":0.8074999426},
{"learn":[0.2149642148],"iteration":447,"passed_time":0.6537328796,"remaining_time":0.8054922981},
{"learn":[0.2149287838],"iteration":448,"passed_time":0.6548689414,"remaining_time":0.803636496},
{"learn":[0.21489045],"iteration":449,"passed_time":0.6558296971,"remaining_time":0.8015696298},
{"learn":[0.2148479972],"iteration":450,"passed_time":0.6568537537,"remaining_time":0.7995847246},
{"learn":[0.2148151814],"iteration":451,"passed_time":0.6579102812,"remaining_time":0.7976434383},
{"learn":[0.2147938425],"iteration":452,"passed_time":0.6590191396,"remaining_time":0.7957692481},
{"learn":[0.2147579869],"iteration":453,"passed_time":0.659990619,"remaining_time":0.7937332114},
{"learn":[0.2147036527],"iteration":454,"passed_time":0.6610009848,"remaining_time":0.7917484324},
{"learn":[0.214653567],"iteration":455,"passed_time":0.6619481878,"remaining_time":0.7896925749},
{"learn":[0.2146232143],"iteration":456,"passed_time":0.662843716,"remaining_time":0.7875801702},
{"learn":[0.214582615],"iteration":457,"passed_time":0.6637677783,"remaining_time":0.7855068468},
{"learn":[0.2145417455],"iteration":458,"passed_time":0.6646760852,"remaining_time":0.783419961},
{"learn":[0.2145038744],"iteration":459,"passed_time":0.6657682874,"remaining_time":0.7815540765},
{"learn":[0.2144717796],"iteration":460,"passed_time":0.6667345345,"remaining_time":0.7795442822},
{"learn":[0.214432491],"iteration":461,"passed_time":0.6676389487,"remaining_time":0.7774670009},
{"learn":[0.2143964521],"iteration":462,"passed_time":0.6686647571,"remaining_time":0.7755355822},
{"learn":[0.2143732118],"iteration":463,"passed_time":0.6697281741,"remaining_time":0.7736515115},
{"learn":[0.2143392118],"iteration":464,"passed_time":0.6706136925,"remaining_time":0.7715662914},
{"learn":[0.2143060627],"iteration":465,"passed_time":0.6715965437,"remaining_time":0.7695977561},
{"learn":[0.2142720919],"iteration":466,"passed_time":0.6725410218,"remaining_time":0.7675896459},
{"learn":[0.2142333932],"iteration":467,"passed_time":0.6734843866,"remaining_time":0.7655848155},
{"learn":[0.2141871454],"iteration":468,"passed_time":0.6743086649,"remaining_time":0.7634496824},
{"learn":[0.2141557274],"iteration":469,"passed_time":0.6751859061,"remaining_time":0.7613798516},
{"learn":[0.2141293196],"iteration":470,"passed_time":0.6760679882,"remaining_time":0.7593205218},
{"learn":[0.2141020098],"iteration":471,"passed_time":0.6772041431,"remaining_time":0.7575503974},
{"learn":[0.2140772631],"iteration":472,"passed_time":0.6786366209,"remaining_time":0.7561131062},
{"learn":[0.2140547248],"iteration":473,"passed_time":0.6800474577,"remaining_time":0.7546518201},
{"learn":[0.214026404],"iteration":474,"passed_time":0.6812069405,"remaining_time":0.7529129342},
{"learn":[0.2139956742],"iteration":475,"passed_time":0.6823323669,"remaining_time":0.7511389921},
{"learn":[0.2139635053],"iteration":476,"passed_time":0.6834159679,"remaining_time":0.7493219103},
{"learn":[0.2139326014],"iteration":477,"passed_time":0.6846420406,"remaining_time":0.7476634837},
{"learn":[0.2138919297],"iteration":478,"passed_time":0.6857314346,"remaining_time":0.7458581992},
{"learn":[0.2138608509],"iteration":479,"passed_time":0.6869498334,"remaining_time":0.7441956528},
{"learn":[0.2138306463],"iteration":480,"passed_time":0.6879315583,"remaining_time":0.7422795817},
{"learn":[0.2137982786],"iteration":481,"passed_time":0.6889633923,"remaining_time":0.7404212391},
{"learn":[0.2137792499],"iteration":482,"passed_time":0.6898990061,"remaining_time":0.7384633254},
{"learn":[0.2137548458],"iteration":483,"passed_time":0.6910015927,"remaining_time":0.7366876484},
{"learn":[0.2137272454],"iteration":484,"passed_time":0.6919421596,"remaining_time":0.7347427056},
{"learn":[0.2136984191],"iteration":485,"passed_time":0.6930030708,"remaining_time":0.7329291736},
{"learn":[0.2136732902],"iteration":486,"passed_time":0.6939599057,"remaining_time":0.7310090999},
{"learn":[0.2136345135],"iteration":487,"passed_time":0.6950841771,"remaining_time":0.7292686448},
{"learn":[0.213599922],"iteration":488,"passed_time":0.6960966244,"remaining_time":0.7274138549},
{"learn":[0.2135844616],"iteration":489,"passed_time":0.6971626499,"remaining_time":0.7256182683},
{"learn":[0.2135499353],"iteration":490,"passed_time":0.698108762,"remaining_time":0.7237013439},
{"learn":[0.2135084021],"iteration":491,"passed_time":0.6991992837,"remaining_time":0.7219374718},
{"learn":[0.2134747491],"iteration":492,"passed_time":0.7002263579,"remaining_time":0.720111082},
{"learn":[0.2134469779],"iteration":493,"passed_time":0.7012800234,"remaining_time":0.7183151657},
{"learn":[0.2134301428],"iteration":494,"passed_time":0.7023042083,"remaining_time":0.7164921721},
{"learn":[0.2134016294],"iteration":495,"passed_time":0.7034245219,"remaining_time":0.7147700787},
{"learn":[0.2133699429],"iteration":496,"passed_time":0.7044776597,"remaining_time":0.7129824201},
{"learn":[0.2133402914],"iteration":497,"passed_time":0.7055335134,"remaining_time":0.7112004493},
{"learn":[0.2133049782],"iteration":498,"passed_time":0.706719588,"remaining_time":0.7095521314},
{"learn":[0.2132769714],"iteration":499,"passed_time":0.7079491163,"remaining_time":0.7079491163},
{"learn":[0.2132459788],"iteration":500,"passed_time":0.7099116021,"remaining_time":0.7070776237},
{"learn":[0.2132134715],"iteration":501,"passed_time":0.7114030657,"remaining_time":0.7057345154},
{"learn":[0.2131885242],"iteration":502,"passed_time":0.7125273667,"remaining_time":0.7040280343},
{"learn":[0.2131646731],"iteration":503,"passed_time":0.7138925615,"remaining_time":0.7025609336},
{"learn":[0.2131364141],"iteration":504,"passed_time":0.715901878,"remaining_time":0.7017256032},
{"learn":[0.2131042773],"iteration":505,"passed_time":0.7171441955,"remaining_time":0.7001368233},
{"learn":[0.2130765766],"iteration":506,"passed_time":0.7183800695,"remaining_time":0.6985431445},
{"learn":[0.2130452073],"iteration":507,"passed_time":0.7196817004,"remaining_time":0.6970145602},
{"learn":[0.2130098427],"iteration":508,"passed_time":0.7209337782,"remaining_time":0.6954390669},
{"learn":[0.212980679],"iteration":509,"passed_time":0.7224022808,"remaining_time":0.6940727796},
{"learn":[0.2129591399],"iteration":510,"passed_time":0.7234070958,"remaining_time":0.6922623677},
{"learn":[0.212938953],"iteration":511,"passed_time":0.7245500929,"remaining_time":0.6905868073},
{"learn":[0.2129124623],"iteration":512,"passed_time":0.7257322282,"remaining_time":0.6889504779},
{"learn":[0.2128841735],"iteration":513,"passed_time":0.7269001057,"remaining_time":0.6873024346},
{"learn":[0.2128533676],"iteration":514,"passed_time":0.7282086397,"remaining_time":0.685788719},
{"learn":[0.2128179416],"iteration":515,"passed_time":0.7291382672,"remaining_time":0.6839203902},
{"learn":[0.2127854641],"iteration":516,"passed_time":0.7301008181,"remaining_time":0.682086451},
{"learn":[0.2127676499],"iteration":517,"passed_time":0.7312341479,"remaining_time":0.6804147863},
{"learn":[0.2127557464],"iteration":518,"passed_time":0.7322750139,"remaining_time":0.6786595022},
{"learn":[0.2127219027],"iteration":519,"passed_time":0.7332965814,"remaining_time":0.6768891521},
{"learn":[0.2127022865],"iteration":520,"passed_time":0.73471202,"remaining_time":0.6754837957},
{"learn":[0.2126768441],"iteration":521,"passed_time":0.7358475035,"remaining_time":0.6738220434},
{"learn":[0.2126494445],"iteration":522,"passed_time":0.7375481808,"remaining_time":0.6726777863},
{"learn":[0.2126258952],"iteration":523,"passed_time":0.7388549802,"remaining_time":0.671173608},
{"learn":[0.2126059],"iteration":524,"passed_time":0.739967595,"remaining_time":0.6694944907},
{"learn":[0.2125756045],"iteration":525,"passed_time":0.7415470493,"remaining_time":0.6682382155},
{"learn":[0.2125507994],"iteration":526,"passed_time":0.7427066444,"remaining_time":0.6666038763},
{"learn":[0.2125238974],"iteration":527,"passed_time":0.7438418793,"remaining_time":0.6649495587},
{"learn":[0.2124834941],"iteration":528,"passed_time":0.7450122313,"remaining_time":0.6633284706},
{"learn":[0.2124684746],"iteration":529,"passed_time":0.7460885409,"remaining_time":0.6616256873},
{"learn":[0.2124379022],"iteration":530,"passed_time":0.747273051,"remaining_time":0.6600208303},
{"learn":[0.2124121254],"iteration":531,"passed_time":0.7482936608,"remaining_time":0.6582733708},
{"learn":[0.2123885716],"iteration":532,"passed_time":0.7492980704,"remaining_time":0.6565144444},
{"learn":[0.2123745503],"iteration":533,"passed_time":0.7507856821,"remaining_time":0.6551800147},
{"learn":[0.2123485691],"iteration":534,"passed_time":0.7518943946,"remaining_time":0.6535156887},
{"learn":[0.2123255529],"iteration":535,"passed_time":0.7532150022,"remaining_time":0.6520368676},
{"learn":[0.2123061561],"iteration":536,"passed_time":0.7542907752,"remaining_time":0.6503475399},
{"learn":[0.2122809875],"iteration":537,"passed_time":0.7553645726,"remaining_time":0.6486587966},
{"learn":[0.2122581172],"iteration":538,"passed_time":0.7564974873,"remaining_time":0.6470228973},
{"learn":[0.2122392074],"iteration":539,"passed_time":0.7576255355,"remaining_time":0.6453847154},
{"learn":[0.212215824],"iteration":540,"passed_time":0.75879398,"remaining_time":0.6437826929},
{"learn":[0.21219068],"iteration":541,"passed_time":0.7597671808,"remaining_time":0.6420172856},
{"learn":[0.2121688004],"iteration":542,"passed_time":0.7608006587,"remaining_time":0.6403055268},
{"learn":[0.2121377395],"iteration":543,"passed_time":0.7619107356,"remaining_time":0.6386604696},
{"learn":[0.2121164113],"iteration":544,"passed_time":0.7630243382,"remaining_time":0.6370203191},
{"learn":[0.2120907636],"iteration":545,"passed_time":0.7641807369,"remaining_time":0.6354176823},
{"learn":[0.2120743479],"iteration":546,"passed_time":0.7652385614,"remaining_time":0.6337350426},
{"learn":[0.2120492754],"iteration":547,"passed_time":0.7663774804,"remaining_time":0.6321215715},
{"learn":[0.2120235561],"iteration":548,"passed_time":0.767612,"remaining_time":0.6305883643},
{"learn":[0.2120018316],"iteration":549,"passed_time":0.7686284524,"remaining_time":0.6288778247},
{"learn":[0.2119699769],"iteration":550,"passed_time":0.7697200297,"remaining_time":0.6272310224},
{"learn":[0.2119373201],"iteration":551,"passed_time":0.7710809829,"remaining_time":0.6258048557},
{"learn":[0.2119183548],"iteration":552,"passed_time":0.7724629839,"remaining_time":0.6243959382},
{"learn":[0.2118960386],"iteration":553,"passed_time":0.7735920191,"remaining_time":0.6227834666},
{"learn":[0.2118735132],"iteration":554,"passed_time":0.774710406,"remaining_time":0.6211641994},
{"learn":[0.2118481074],"iteration":555,"passed_time":0.7758227682,"remaining_time":0.6195419228},
{"learn":[0.2118119315],"iteration":556,"passed_time":0.776888594,"remaining_time":0.6178844652},
{"learn":[0.2117903996],"iteration":557,"passed_time":0.7782129388,"remaining_time":0.6164339049},
{"learn":[0.2117649455],"iteration":558,"passed_time":0.7793717474,"remaining_time":0.6148532032},
{"learn":[0.2117398199],"iteration":559,"passed_time":0.7804418894,"remaining_time":0.6132043417},
{"learn":[0.2117258267],"iteration":560,"passed_time":0.78152306,"remaining_time":0.6115661735},
{"learn":[0.2117002239],"iteration":561,"passed_time":0.7825561557,"remaining_time":0.6098925199},
{"learn":[0.2116728988],"iteration":562,"passed_time":0.7835986933,"remaining_time":0.6082284706},
{"learn":[0.2116503228],"iteration":563,"passed_time":0.7845530368,"remaining_time":0.6064984469},
{"learn":[0.2116199126],"iteration":564,"passed_time":0.7855288758,"remaining_time":0.6047877185},
{"learn":[0.2115820767],"iteration":565,"passed_time":0.7864418358,"remaining_time":0.6030313723},
{"learn":[0.211554696],"iteration":566,"passed_time":0.7874334222,"remaining_time":0.6013380455},
{"learn":[0.211525686],"iteration":567,"passed_time":0.7884471264,"remaining_time":0.5996640117},
{"learn":[0.2115022123],"iteration":568,"passed_time":0.7894943982,"remaining_time":0.5980177252},
{"learn":[0.2114852046],"iteration":569,"passed_time":0.7905219336,"remaining_time":0.5963586517},
{"learn":[0.2114593357],"iteration":570,"passed_time":0.791753221,"remaining_time":0.5948548718},
{"learn":[0.2114362998],"iteration":571,"passed_time":0.7929108609,"remaining_time":0.5932969379},
{"learn":[0.2114211823],"iteration":572,"passed_time":0.7941041955,"remaining_time":0.5917670009},
{"learn":[0.211387901],"iteration":573,"passed_time":0.795316162,"remaining_time":0.5902520645},
{"learn":[0.2113716133],"iteration":574,"passed_time":0.7963778019,"remaining_time":0.588627071},
{"learn":[0.2113448766],"iteration":575,"passed_time":0.7974038654,"remaining_time":0.5869778454},
{"learn":[0.2113220622],"iteration":576,"passed_time":0.798469915,"remaining_time":0.5853600937},
{"learn":[0.2113039062],"iteration":577,"passed_time":0.7995501013,"remaining_time":0.5837545723},
{"learn":[0.2112864634],"iteration":578,"passed_time":0.8005665549,"remaining_time":0.5821045244},
{"learn":[0.211266052],"iteration":579,"passed_time":0.8014332594,"remaining_time":0.5803482223},
{"learn":[0.2112495645],"iteration":580,"passed_time":0.8023794946,"remaining_time":0.5786523377},
{"learn":[0.2112219721],"iteration":581,"passed_time":0.8034840335,"remaining_time":0.5770727251},
{"learn":[0.211197422],"iteration":582,"passed_time":0.8044752826,"remaining_time":0.5754137099},
{"learn":[0.2111757729],"iteration":583,"passed_time":0.8054187701,"remaining_time":0.5737229595},
{"learn":[0.2111633059],"iteration":584,"passed_time":0.8065394162,"remaining_time":0.5721604406},
{"learn":[0.2111460285],"iteration":585,"passed_time":0.8075621745,"remaining_time":0.5705302735},
{"learn":[0.2111322759],"iteration":586,"passed_time":0.808631038,"remaining_time":0.5689346144},
{"learn":[0.2111124143],"iteration":587,"passed_time":0.8101669114,"remaining_time":0.5676679719},
{"learn":[0.2110964828],"iteration":588,"passed_time":0.811162437,"remaining_time":0.5660233644},
{"learn":[0.2110803516],"iteration":589,"passed_time":0.8122018046,"remaining_time":0.5644114235},
{"learn":[0.2110686056],"iteration":590,"passed_time":0.813319075,"remaining_time":0.5628553328},
{"learn":[0.2110484236],"iteration":591,"passed_time":0.8141810541,"remaining_time":0.5611247805},
{"learn":[0.2110306867],"iteration":592,"passed_time":0.8151917448,"remaining_time":0.5594992245},
{"learn":[0.2110089652],"iteration":593,"passed_time":0.8162130588,"remaining_time":0.5578829998},
{"learn":[0.2109899919],"iteration":594,"passed_time":0.8173123832,"remaining_time":0.5563218743},
{"learn":[0.2109649959],"iteration":595,"passed_time":0.8183674596,"remaining_time":0.5547323049},
{"learn":[0.2109451478],"iteration":596,"passed_time":0.8193025344,"remaining_time":0.5530635199},
{"learn":[0.2109330388],"iteration":597,"passed_time":0.8202403027,"remaining_time":0.5513989995},
{"learn":[0.2109123716],"iteration":598,"passed_time":0.8213933264,"remaining_time":0.5498810081},
{"learn":[0.21089235],"iteration":599,"passed_time":0.8224050149,"remaining_time":0.5482700099},
{"learn":[0.2108709237],"iteration":600,"passed_time":0.8232960367,"remaining_time":0.5465808962},
{"learn":[0.2108466615],"iteration":601,"passed_time":0.8241444623,"remaining_time":0.5448662724},
{"learn":[0.2108313876],"iteration":602,"passed_time":0.8252671181,"remaining_time":0.5433350678},
{"learn":[0.2108135954],"iteration":603,"passed_time":0.8262695918,"remaining_time":0.5417264211},
{"learn":[0.2108004126],"iteration":604,"passed_time":0.8272039045,"remaining_time":0.5400752765},
{"learn":[0.2107829025],"iteration":605,"passed_time":0.8286270066,"remaining_time":0.5387442914},
{"learn":[0.2107582706],"iteration":606,"passed_time":0.8295980537,"remaining_time":0.5371203214},
{"learn":[0.2107426855],"iteration":607,"passed_time":0.8306810162,"remaining_time":0.5355706552},
{"learn":[0.2107175545],"iteration":608,"passed_time":0.8316986348,"remaining_time":0.5339805685},
{"learn":[0.2106999791],"iteration":609,"passed_time":0.8327255325,"remaining_time":0.5323982913},
{"learn":[0.2106844847],"iteration":610,"passed_time":0.8337591793,"remaining_time":0.5308221289},
{"learn":[0.210665642],"iteration":611,"passed_time":0.8348927962,"remaining_time":0.5293111192},
{"learn":[0.2106490513],"iteration":612,"passed_time":0.8364104766,"remaining_time":0.5280438082},
{"learn":[0.2106308134],"iteration":613,"passed_time":0.8510989416,"remaining_time":0.5350556864},
{"learn":[0.2106149741],"iteration":614,"passed_time":0.8524143812,"remaining_time":0.533625263},
{"learn":[0.2105872423],"iteration":615,"passed_time":0.8534482935,"remaining_time":0.5320197154},
{"learn":[0.2105724203],"iteration":616,"passed_time":0.8545631671,"remaining_time":0.5304662771},
{"learn":[0.2105528776],"iteration":617,"passed_time":0.85551427,"remaining_time":0.5288130277},
{"learn":[0.2105396688],"iteration":618,"passed_time":0.8565021537,"remaining_time":0.5271846859},
{"learn":[0.2105287242],"iteration":619,"passed_time":0.8575159542,"remaining_time":0.5255742945},
{"learn":[0.2105115158],"iteration":620,"passed_time":0.8584844513,"remaining_time":0.5239381756},
{"learn":[0.2104961246],"iteration":621,"passed_time":0.85948401,"remaining_time":0.52232308},
{"learn":[0.21047873],"iteration":622,"passed_time":0.8605091133,"remaining_time":0.5207254185},
{"learn":[0.2104569715],"iteration":623,"passed_time":0.8615640912,"remaining_time":0.5191475934},
{"learn":[0.2104457573],"iteration":624,"passed_time":0.862538321,"remaining_time":0.5175229926},
{"learn":[0.2104282657],"iteration":625,"passed_time":0.8637319854,"remaining_time":0.5160315695},
{"learn":[0.2104122468],"iteration":626,"passed_time":0.8647095176,"remaining_time":0.5144125201},
{"learn":[0.2103935304],"iteration":627,"passed_time":0.8660166062,"remaining_time":0.5129907285},
{"learn":[0.2103739291],"iteration":628,"passed_time":0.8671081354,"remaining_time":0.5114421594},
{"learn":[0.2103613559],"iteration":629,"passed_time":0.8680913773,"remaining_time":0.5098314438},
{"learn":[0.2103460168],"iteration":630,"passed_time":0.8690807802,"remaining_time":0.50822632},
{"learn":[0.2103368343],"iteration":631,"passed_time":0.8700777136,"remaining_time":0.5066275294},
{"learn":[0.2103211787],"iteration":632,"passed_time":0.8711605253,"remaining_time":0.5050804309},
{"learn":[0.210300526],"iteration":633,"passed_time":0.872175521,"remaining_time":0.5034956477},
{"learn":[0.210287853],"iteration":634,"passed_time":0.8733145531,"remaining_time":0.5019839557},
{"learn":[0.210276872],"iteration":635,"passed_time":0.8743896262,"remaining_time":0.5004368301},
{"learn":[0.2102591414],"iteration":636,"passed_time":0.875461839,"remaining_time":0.4988895566},
{"learn":[0.210244197],"iteration":637,"passed_time":0.8766339541,"remaining_time":0.4974004567},
{"learn":[0.2102291501],"iteration":638,"passed_time":0.8775331821,"remaining_time":0.4957581827},
{"learn":[0.2102141705],"iteration":639,"passed_time":0.8787074337,"remaining_time":0.4942729315},
{"learn":[0.2101964812],"iteration":640,"passed_time":0.8799289123,"remaining_time":0.4928151006},
{"learn":[0.2101836547],"iteration":641,"passed_time":0.8810384449,"remaining_time":0.4912955814},
{"learn":[0.2101697161],"iteration":642,"passed_time":0.8821548213,"remaining_time":0.4897811372},
{"learn":[0.2101439308],"iteration":643,"passed_time":0.8830279496,"remaining_time":0.4881334628},
{"learn":[0.2101297634],"iteration":644,"passed_time":0.8840584886,"remaining_time":0.486574827},
{"learn":[0.2101109114],"iteration":645,"passed_time":0.8853230659,"remaining_time":0.4851460764},
{"learn":[0.2100956409],"iteration":646,"passed_time":0.8863827723,"remaining_time":0.4836060566},
{"learn":[0.2100848884],"iteration":647,"passed_time":0.8872788868,"remaining_time":0.4819786546},
{"learn":[0.210067687],"iteration":648,"passed_time":0.8883467324,"remaining_time":0.4804463838},
{"learn":[0.210058965],"iteration":649,"passed_time":0.8894443795,"remaining_time":0.478931589},
{"learn":[0.2100505446],"iteration":650,"passed_time":0.8903408879,"remaining_time":0.4773102456},
{"learn":[0.2100357074],"iteration":651,"passed_time":0.8913099015,"remaining_time":0.4757298247},
{"learn":[0.2100236293],"iteration":652,"passed_time":0.8923028154,"remaining_time":0.4741639769},
{"learn":[0.210007478],"iteration":653,"passed_time":0.8933059997,"remaining_time":0.4726053148},
{"learn":[0.2100007229],"iteration":654,"passed_time":0.8942645287,"remaining_time":0.4710248281},
{"learn":[0.209980952],"iteration":655,"passed_time":0.8954211307,"remaining_time":0.4695501051},
{"learn":[0.2099621185],"iteration":656,"passed_time":0.8964521979,"remaining_time":0.4680108126},
{"learn":[0.209951817],"iteration":657,"passed_time":0.8976060429,"remaining_time":0.4665368794},
{"learn":[0.2099424327],"iteration":658,"passed_time":0.8986335478,"remaining_time":0.4649985429},
{"learn":[0.2099296685],"iteration":659,"passed_time":0.8996839182,"remaining_time":0.4634735336},
{"learn":[0.2099167559],"iteration":660,"passed_time":0.900687579,"remaining_time":0.461926005},
{"learn":[0.2099036611],"iteration":661,"passed_time":0.9017051022,"remaining_time":0.4603871972},
{"learn":[0.2098876175],"iteration":662,"passed_time":0.9028080401,"remaining_time":0.4588933778},
{"learn":[0.2098739767],"iteration":663,"passed_time":0.9040799938,"remaining_time":0.4574862619},
{"learn":[0.2098512825],"iteration":664,"passed_time":0.9052130517,"remaining_time":0.4560095824},
{"learn":[0.2098412998],"iteration":665,"passed_time":0.9064297235,"remaining_time":0.4545758673},
{"learn":[0.2098246547],"iteration":666,"passed_time":0.9073921156,"remaining_time":0.4530158538},
{"learn":[0.2098139224],"iteration":667,"passed_time":0.9083727296,"remaining_time":0.451466686},
{"learn":[0.2097990781],"iteration":668,"passed_time":0.9093321249,"remaining_time":0.4499087195},
{"learn":[0.2097772175],"iteration":669,"passed_time":0.9104163315,"remaining_time":0.448414014},
{"learn":[0.2097648841],"iteration":670,"passed_time":0.9115121978,"remaining_time":0.446926249},
{"learn":[0.209747866],"iteration":671,"passed_time":0.9125273058,"remaining_time":0.4454002326},
{"learn":[0.209736607],"iteration":672,"passed_time":0.9136598856,"remaining_time":0.4439328122},
{"learn":[0.2097263026],"iteration":673,"passed_time":0.9147542223,"remaining_time":0.4424478879},
{"learn":[0.2097145969],"iteration":674,"passed_time":0.9160315455,"remaining_time":0.4410522256},
{"learn":[0.2096976867],"iteration":675,"passed_time":0.9170638447,"remaining_time":0.4395394759},
{"learn":[0.2096843342],"iteration":676,"passed_time":0.9180871063,"remaining_time":0.4380238336},
{"learn":[0.2096709343],"iteration":677,"passed_time":0.919279521,"remaining_time":0.436589979},
{"learn":[0.2096587319],"iteration":678,"passed_time":0.920432247,"remaining_time":0.4351380726},
{"learn":[0.2096443622],"iteration":679,"passed_time":0.9214737996,"remaining_time":0.4336347292},
{"learn":[0.2096250518],"iteration":680,"passed_time":0.9230696009,"remaining_time":0.4323923681},
{"learn":[0.2096156409],"iteration":681,"passed_time":0.9242983608,"remaining_time":0.4309778281},
{"learn":[0.2096021844],"iteration":682,"passed_time":0.9253732723,"remaining_time":0.4294924265},
{"learn":[0.2095917751],"iteration":683,"passed_time":0.926528696,"remaining_time":0.4280454209},
{"learn":[0.2095776929],"iteration":684,"passed_time":0.927653394,"remaining_time":0.4265851374},
{"learn":[0.2095621677],"iteration":685,"passed_time":0.928775052,"remaining_time":0.4251244407},
{"learn":[0.2095466374],"iteration":686,"passed_time":0.9298189324,"remaining_time":0.4236292953},
{"learn":[0.2095350658],"iteration":687,"passed_time":0.9309224575,"remaining_time":0.4221625098},
{"learn":[0.2095171829],"iteration":688,"passed_time":0.9319850539,"remaining_time":0.4206783044},
{"learn":[0.2095036521],"iteration":689,"passed_time":0.933106805,"remaining_time":0.4192218979},
{"learn":[0.2094907293],"iteration":690,"passed_time":0.9342986501,"remaining_time":0.4177978044},
{"learn":[0.209473599],"iteration":691,"passed_time":0.9359031505,"remaining_time":0.4165580496},
{"learn":[0.209459563],"iteration":692,"passed_time":0.9370115084,"remaining_time":0.4150974503},
{"learn":[0.2094488438],"iteration":693,"passed_time":0.9380946337,"remaining_time":0.4136267405},
{"learn":[0.2094327735],"iteration":694,"passed_time":0.939142876,"remaining_time":0.4121418377},
{"learn":[0.2094150839],"iteration":695,"passed_time":0.9400747094,"remaining_time":0.4106073443},
{"learn":[0.2094052895],"iteration":696,"passed_time":0.9412224245,"remaining_time":0.4091684285},
{"learn":[0.2093926635],"iteration":697,"passed_time":0.9422678185,"remaining_time":0.4076860762},
{"learn":[0.2093796941],"iteration":698,"passed_time":0.9432215981,"remaining_time":0.4061655237},
{"learn":[0.2093666663],"iteration":699,"passed_time":0.9442851403,"remaining_time":0.4046936315},
{"learn":[0.2093558463],"iteration":700,"passed_time":0.9452358646,"remaining_time":0.4031747839},
{"learn":[0.2093437373],"iteration":701,"passed_time":0.9462385981,"remaining_time":0.4016796328},
{"learn":[0.2093331088],"iteration":702,"passed_time":0.9474630177,"remaining_time":0.4002795395},
{"learn":[0.2093171324],"iteration":703,"passed_time":0.9485132798,"remaining_time":0.3988067199},
{"learn":[0.2093034241],"iteration":704,"passed_time":0.9494539767,"remaining_time":0.3972892526},
{"learn":[0.2092929348],"iteration":705,"passed_time":0.9504365599,"remaining_time":0.3957908621},
{"learn":[0.2092804646],"iteration":706,"passed_time":0.9514181461,"remaining_time":0.3942935174},
{"learn":[0.2092720256],"iteration":707,"passed_time":0.9523858082,"remaining_time":0.392791887},
{"learn":[0.2092551677],"iteration":708,"passed_time":0.953416966,"remaining_time":0.3913178238},
{"learn":[0.2092427516],"iteration":709,"passed_time":0.9545079064,"remaining_time":0.3898694266},
{"learn":[0.2092231052],"iteration":710,"passed_time":0.9556107625,"remaining_time":0.3884268782},
{"learn":[0.2092118104],"iteration":711,"passed_time":0.9565814125,"remaining_time":0.3869318073},
{"learn":[0.2092063907],"iteration":712,"passed_time":0.9575051452,"remaining_time":0.3854193221},
{"learn":[0.20918922],"iteration":713,"passed_time":0.958430296,"remaining_time":0.3839090541},
{"learn":[0.2091781817],"iteration":714,"passed_time":0.9594683718,"remaining_time":0.3824454349},
{"learn":[0.2091586712],"iteration":715,"passed_time":0.9605732516,"remaining_time":0.381009502},
{"learn":[0.2091482376],"iteration":716,"passed_time":0.9616974399,"remaining_time":0.3795821137},
{"learn":[0.2091318533],"iteration":717,"passed_time":0.9628391395,"remaining_time":0.3781624476},
{"learn":[0.2091213538],"iteration":718,"passed_time":0.9638646592,"remaining_time":0.3766981491},
{"learn":[0.2091077798],"iteration":719,"passed_time":0.9648367361,"remaining_time":0.3752142863},
{"learn":[0.2091011378],"iteration":720,"passed_time":0.9659060288,"remaining_time":0.3737694619},
{"learn":[0.2090881811],"iteration":721,"passed_time":0.9672878413,"remaining_time":0.3724460109},
{"learn":[0.2090814953],"iteration":722,"passed_time":0.9686960928,"remaining_time":0.3711325279},
{"learn":[0.2090745651],"iteration":723,"passed_time":0.9698839232,"remaining_time":0.3697347553},
{"learn":[0.2090620394],"iteration":724,"passed_time":0.9709755948,"remaining_time":0.3683010877},
{"learn":[0.2090478903],"iteration":725,"passed_time":0.9721228271,"remaining_time":0.3668893314},
{"learn":[0.2090361364],"iteration":726,"passed_time":0.9732453282,"remaining_time":0.3654690159},
{"learn":[0.2090238374],"iteration":727,"passed_time":0.9745230428,"remaining_time":0.3641075105},
{"learn":[0.2090125087],"iteration":728,"passed_time":0.9757400675,"remaining_time":0.3627236739},
{"learn":[0.2089973477],"iteration":729,"passed_time":0.9768834344,"remaining_time":0.3613130511},
{"learn":[0.2089895817],"iteration":730,"passed_time":0.9781358125,"remaining_time":0.3599432744},
{"learn":[0.208975096],"iteration":731,"passed_time":0.9792278102,"remaining_time":0.3585150999},
{"learn":[0.2089623427],"iteration":732,"passed_time":0.9802636997,"remaining_time":0.357067405},
{"learn":[0.2089548868],"iteration":733,"passed_time":0.9814124673,"remaining_time":0.3556617388},
{"learn":[0.2089394076],"iteration":734,"passed_time":0.9823855903,"remaining_time":0.3541934441},
{"learn":[0.2089305697],"iteration":735,"passed_time":0.9832117062,"remaining_time":0.3526737642},
{"learn":[0.2089210501],"iteration":736,"passed_time":0.9842274286,"remaining_time":0.3512236279},
{"learn":[0.208903781],"iteration":737,"passed_time":0.9853029305,"remaining_time":0.3497958913},
{"learn":[0.2088873372],"iteration":738,"passed_time":0.9863269919,"remaining_time":0.3483509403},
{"learn":[0.208877933],"iteration":739,"passed_time":0.9873149277,"remaining_time":0.3468944341},
{"learn":[0.2088669571],"iteration":740,"passed_time":0.9882858577,"remaining_time":0.3454332485},
{"learn":[0.2088559718],"iteration":741,"passed_time":0.9897103587,"remaining_time":0.3441310951},
{"learn":[0.2088449967],"iteration":742,"passed_time":0.9905424024,"remaining_time":0.3426236843},
{"learn":[0.208835428],"iteration":743,"passed_time":0.9915637774,"remaining_time":0.3411832352},
{"learn":[0.2088212864],"iteration":744,"passed_time":0.9924866486,"remaining_time":0.3397101952},
{"learn":[0.2088140005],"iteration":745,"passed_time":0.9934706604,"remaining_time":0.3382594474},
{"learn":[0.208805177],"iteration":746,"passed_time":0.9944665919,"remaining_time":0.3368139863},
{"learn":[0.2087874795],"iteration":747,"passed_time":0.9953718235,"remaining_time":0.3353391705},
{"learn":[0.2087796289],"iteration":748,"passed_time":0.9962992924,"remaining_time":0.3338733276},
{"learn":[0.2087674637],"iteration":749,"passed_time":0.9974098353,"remaining_time":0.3324699451},
{"learn":[0.2087633367],"iteration":750,"passed_time":0.9983576912,"remaining_time":0.3310134023},
{"learn":[0.2087482115],"iteration":751,"passed_time":0.9992046521,"remaining_time":0.3295249385},
{"learn":[0.2087352275],"iteration":752,"passed_time":1.000217914,"remaining_time":0.3280927289},
{"learn":[0.2087251707],"iteration":753,"passed_time":1.001322201,"remaining_time":0.3266913283},
{"learn":[0.2087151986],"iteration":754,"passed_time":1.00258184,"remaining_time":0.3253411268},
{"learn":[0.2087056685],"iteration":755,"passed_time":1.004227886,"remaining_time":0.3241158784},
{"learn":[0.2086943758],"iteration":756,"passed_time":1.005440102,"remaining_time":0.3227502573},
{"learn":[0.2086817431],"iteration":757,"passed_time":1.006449603,"remaining_time":0.3213203217},
{"learn":[0.2086712954],"iteration":758,"passed_time":1.007505207,"remaining_time":0.3199061328},
{"learn":[0.2086617723],"iteration":759,"passed_time":1.008646249,"remaining_time":0.3185198682},
{"learn":[0.208647588],"iteration":760,"passed_time":1.009862427,"remaining_time":0.3171578449},
{"learn":[0.2086382315],"iteration":761,"passed_time":1.010883465,"remaining_time":0.3157352554},
{"learn":[0.2086322493],"iteration":762,"passed_time":1.011892346,"remaining_time":0.3143099425},
{"learn":[0.2086200853],"iteration":763,"passed_time":1.012902465,"remaining_time":0.3128861018},
{"learn":[0.2086131783],"iteration":764,"passed_time":1.013831382,"remaining_time":0.3114383984},
{"learn":[0.2086002917],"iteration":765,"passed_time":1.014758911,"remaining_time":0.3099916256},
{"learn":[0.2085908227],"iteration":766,"passed_time":1.015658266,"remaining_time":0.3085376478},
{"learn":[0.20858224],"iteration":767,"passed_time":1.016780805,"remaining_time":0.3071525349},
{"learn":[0.2085723819],"iteration":768,"passed_time":1.017691733,"remaining_time":0.3057045386},
{"learn":[0.208563468],"iteration":769,"passed_time":1.018559936,"remaining_time":0.3042451757},
{"learn":[0.208550174],"iteration":770,"passed_time":1.019615831,"remaining_time":0.3028430937},
{"learn":[0.2085386935],"iteration":771,"passed_time":1.020706748,"remaining_time":0.301452252},
{"learn":[0.2085267368],"iteration":772,"passed_time":1.021911227,"remaining_time":0.3000955349},
{"learn":[0.2085173801],"iteration":773,"passed_time":1.023146542,"remaining_time":0.298748215},
{"learn":[0.2085077322],"iteration":774,"passed_time":1.024235395,"remaining_time":0.297358663},
{"learn":[0.2084960097],"iteration":775,"passed_time":1.025317974,"remaining_time":0.295968075},
{"learn":[0.2084858984],"iteration":776,"passed_time":1.026361769,"remaining_time":0.2945671487},
{"learn":[0.2084773431],"iteration":777,"passed_time":1.027438596,"remaining_time":0.293176566},
{"learn":[0.2084623556],"iteration":778,"passed_time":1.028586191,"remaining_time":0.2918068655},
{"learn":[0.2084549915],"iteration":779,"passed_time":1.029618463,"remaining_time":0.2904052075},
{"learn":[0.2084397046],"iteration":780,"passed_time":1.030695572,"remaining_time":0.2890170681},
{"learn":[0.2084324324],"iteration":781,"passed_time":1.031777793,"remaining_time":0.2876311495},
{"learn":[0.2084203001],"iteration":782,"passed_time":1.032974235,"remaining_time":0.2862776616},
{"learn":[0.2084124896],"iteration":783,"passed_time":1.034417869,"remaining_time":0.2849926783},
{"learn":[0.208404338],"iteration":784,"passed_time":1.035965151,"remaining_time":0.2837356782},
{"learn":[0.2083975136],"iteration":785,"passed_time":1.037304247,"remaining_time":0.282421258},
{"learn":[0.2083872134],"iteration":786,"passed_time":1.038340875,"remaining_time":0.2810249128},
{"learn":[0.2083735096],"iteration":787,"passed_time":1.039705013,"remaining_time":0.2797175924},
{"learn":[0.2083651314],"iteration":788,"passed_time":1.040766278,"remaining_time":0.2783291314},
{"learn":[0.2083540732],"iteration":789,"passed_time":1.041933078,"remaining_time":0.2769695523},
{"learn":[0.2083467453],"iteration":790,"passed_time":1.042988302,"remaining_time":0.2755809799},
{"learn":[0.2083357637],"iteration":791,"passed_time":1.044002697,"remaining_time":0.2741825266},
{"learn":[0.2083221985],"iteration":792,"passed_time":1.045287115,"remaining_time":0.2728555268},
{"learn":[0.2083132484],"iteration":793,"passed_time":1.046586316,"remaining_time":0.2715324699},
{"learn":[0.2082998312],"iteration":794,"passed_time":1.047813719,"remaining_time":0.2701909589},
{"learn":[0.2082879817],"iteration":795,"passed_time":1.048789035,"remaining_time":0.2687851297},
{"learn":[0.2082785542],"iteration":796,"passed_time":1.049903234,"remaining_time":0.2674157546},
{"learn":[0.2082650632],"iteration":797,"passed_time":1.051119612,"remaining_time":0.2660728843},
{"learn":[0.208255782],"iteration":798,"passed_time":1.052205549,"remaining_time":0.2646975161},
{"learn":[0.2082455497],"iteration":799,"passed_time":1.053169988,"remaining_time":0.263292497},
{"learn":[0.2082323987],"iteration":800,"passed_time":1.054412267,"remaining_time":0.2619576045},
{"learn":[0.2082214069],"iteration":801,"passed_time":1.055528416,"remaining_time":0.2605918036},
{"learn":[0.2082126265],"iteration":802,"passed_time":1.056554332,"remaining_time":0.2592044875},
{"learn":[0.2082000137],"iteration":803,"passed_time":1.057708099,"remaining_time":0.257849238},
{"learn":[0.2081944694],"iteration":804,"passed_time":1.058768018,"remaining_time":0.2564717558},
{"learn":[0.2081818465],"iteration":805,"passed_time":1.059840304,"remaining_time":0.2550980384},
{"learn":[0.208172474],"iteration":806,"passed_time":1.061234334,"remaining_time":0.2538020153},
{"learn":[0.2081629056],"iteration":807,"passed_time":1.062233398,"remaining_time":0.2524118966},
{"learn":[0.2081540462],"iteration":808,"passed_time":1.063363904,"remaining_time":0.2510537772},
{"learn":[0.2081436266],"iteration":809,"passed_time":1.064448609,"remaining_time":0.2496854762},
{"learn":[0.2081352554],"iteration":810,"passed_time":1.065540975,"remaining_time":0.24831966},
{"learn":[0.2081199856],"iteration":811,"passed_time":1.066875906,"remaining_time":0.2470106778},
{"learn":[0.2081069581],"iteration":812,"passed_time":1.067942079,"remaining_time":0.2456398139},
{"learn":[0.208096097],"iteration":813,"passed_time":1.068937749,"remaining_time":0.2442535889},
{"learn":[0.2080869373],"iteration":814,"passed_time":1.069900487,"remaining_time":0.2428608468},
{"learn":[0.2080780104],"iteration":815,"passed_time":1.070950323,"remaining_time":0.2414887982},
{"learn":[0.2080702135],"iteration":816,"passed_time":1.071823526,"remaining_time":0.2400779746},
{"learn":[0.2080603867],"iteration":817,"passed_time":1.072956302,"remaining_time":0.2387262188},
{"learn":[0.2080462973],"iteration":818,"passed_time":1.074056725,"remaining_time":0.2373678478},
{"learn":[0.2080404883],"iteration":819,"passed_time":1.07521261,"remaining_time":0.2360222803},
{"learn":[0.2080319375],"iteration":820,"passed_time":1.076293654,"remaining_time":0.2346608576},
{"learn":[0.2080243801],"iteration":821,"passed_time":1.077238402,"remaining_time":0.2332706028},
{"learn":[0.2080162776],"iteration":822,"passed_time":1.078393064,"remaining_time":0.2319265764},
{"learn":[0.2080061853],"iteration":823,"passed_time":1.079580611,"remaining_time":0.2305900333},
{"learn":[0.2079928825],"iteration":824,"passed_time":1.08054386,"remaining_time":0.2292062734},
{"learn":[0.2079859311],"iteration":825,"passed_time":1.081478706,"remaining_time":0.2278175481},
{"learn":[0.2079771404],"iteration":826,"passed_time":1.082489194,"remaining_time":0.2264457444},
{"learn":[0.2079645399],"iteration":827,"passed_time":1.083521732,"remaining_time":0.2250793937},
{"learn":[0.2079553616],"iteration":828,"passed_time":1.084511429,"remaining_time":0.2237050113},
{"learn":[0.2079474596],"iteration":829,"passed_time":1.085581399,"remaining_time":0.2223479974},
{"learn":[0.2079411967],"iteration":830,"passed_time":1.086661771,"remaining_time":0.2209937898},
{"learn":[0.2079326802],"iteration":831,"passed_time":1.087599359,"remaining_time":0.219611409},
{"learn":[0.2079170203],"iteration":832,"passed_time":1.088994714,"remaining_time":0.2183218695},
{"learn":[0.2079047519],"iteration":833,"passed_time":1.090053977,"remaining_time":0.2169651801},
{"learn":[0.2078954474],"iteration":834,"passed_time":1.091175787,"remaining_time":0.2156215627},
{"learn":[0.2078887914],"iteration":835,"passed_time":1.092331888,"remaining_time":0.214285203},
{"learn":[0.2078812516],"iteration":836,"passed_time":1.093597497,"remaining_time":0.2129705998},
{"learn":[0.2078730945],"iteration":837,"passed_time":1.094833049,"remaining_time":0.2116503031},
{"learn":[0.20786705],"iteration":838,"passed_time":1.096028427,"remaining_time":0.2103224991},
{"learn":[0.207859596],"iteration":839,"passed_time":1.097574595,"remaining_time":0.2090618276},
{"learn":[0.2078551274],"iteration":840,"passed_time":1.098732621,"remaining_time":0.2077270948},
{"learn":[0.207847561],"iteration":841,"passed_time":1.100045105,"remaining_time":0.2064217655},
{"learn":[0.2078388193],"iteration":842,"passed_time":1.101100905,"remaining_time":0.2050686145},
{"learn":[0.207828216],"iteration":843,"passed_time":1.102134384,"remaining_time":0.2037120426},
{"learn":[0.2078212596],"iteration":844,"passed_time":1.103251766,"remaining_time":0.2023716258},
{"learn":[0.2078104395],"iteration":845,"passed_time":1.104435078,"remaining_time":0.2010437375},
{"learn":[0.207798786],"iteration":846,"passed_time":1.105488301,"remaining_time":0.1996926919},
{"learn":[0.2077830373],"iteration":847,"passed_time":1.106493664,"remaining_time":0.19833377},
{"learn":[0.2077746471],"iteration":848,"passed_time":1.107430849,"remaining_time":0.196963555},
{"learn":[0.207764028],"iteration":849,"passed_time":1.108466967,"remaining_time":0.1956118178},
{"learn":[0.207752727],"iteration":850,"passed_time":1.109391088,"remaining_time":0.1942412129},
{"learn":[0.207741488],"iteration":851,"passed_time":1.110381414,"remaining_time":0.1928831564},
{"learn":[0.2077333127],"iteration":852,"passed_time":1.11140477,"remaining_time":0.1915316544},
{"learn":[0.2077280217],"iteration":853,"passed_time":1.112440037,"remaining_time":0.1901829572},
{"learn":[0.2077182105],"iteration":854,"passed_time":1.11342328,"remaining_time":0.1888261704},
{"learn":[0.2077109104],"iteration":855,"passed_time":1.114567276,"remaining_time":0.1874972988},
{"learn":[0.207702803],"iteration":856,"passed_time":1.115456168,"remaining_time":0.1861262917},
{"learn":[0.2076963809],"iteration":857,"passed_time":1.116644766,"remaining_time":0.1848060103},
{"learn":[0.2076852007],"iteration":858,"passed_time":1.11788928,"remaining_time":0.1834952136},
{"learn":[0.2076751718],"iteration":859,"passed_time":1.118876964,"remaining_time":0.1821427616},
{"learn":[0.2076697008],"iteration":860,"passed_time":1.120016812,"remaining_time":0.1808157223},
{"learn":[0.2076580321],"iteration":861,"passed_time":1.120953132,"remaining_time":0.179456534},
{"learn":[0.2076529764],"iteration":862,"passed_time":1.121906929,"remaining_time":0.1781011},
{"learn":[0.2076439542],"iteration":863,"passed_time":1.122944075,"remaining_time":0.1767597154},
{"learn":[0.2076358342],"iteration":864,"passed_time":1.123982777,"remaining_time":0.1754192774},
{"learn":[0.207629605],"iteration":865,"passed_time":1.124972962,"remaining_time":0.1740720288},
{"learn":[0.2076188684],"iteration":866,"passed_time":1.12590441,"remaining_time":0.1727165934},
{"learn":[0.2076096064],"iteration":867,"passed_time":1.12683479,"remaining_time":0.1713619727},
{"learn":[0.2075999967],"iteration":868,"passed_time":1.127785539,"remaining_time":0.1700113988},
{"learn":[0.2075933844],"iteration":869,"passed_time":1.128824663,"remaining_time":0.1686749497},
{"learn":[0.2075864646],"iteration":870,"passed_time":1.129890823,"remaining_time":0.1673431873},
{"learn":[0.2075797447],"iteration":871,"passed_time":1.1320668,"remaining_time":0.1661749431},
{"learn":[0.2075736391],"iteration":872,"passed_time":1.133439694,"remaining_time":0.1648875615},
{"learn":[0.2075650368],"iteration":873,"passed_time":1.134551437,"remaining_time":0.1635623353},
{"learn":[0.2075594056],"iteration":874,"passed_time":1.135805138,"remaining_time":0.1622578769},
{"learn":[0.2075496216],"iteration":875,"passed_time":1.136872208,"remaining_time":0.1609271162},
{"learn":[0.2075414428],"iteration":876,"passed_time":1.137814115,"remaining_time":0.1595794027},
{"learn":[0.2075323066],"iteration":877,"passed_time":1.139045983,"remaining_time":0.1582729043},
{"learn":[0.2075209093],"iteration":878,"passed_time":1.139897437,"remaining_time":0.1569142092},
{"learn":[0.2075120239],"iteration":879,"passed_time":1.140985583,"remaining_time":0.1555889431},
{"learn":[0.2075044854],"iteration":880,"passed_time":1.142143018,"remaining_time":0.1542735745},
{"learn":[0.2074967983],"iteration":881,"passed_time":1.143338739,"remaining_time":0.1529636861},
{"learn":[0.2074887867],"iteration":882,"passed_time":1.144483715,"remaining_time":0.1516473325},
{"learn":[0.2074815948],"iteration":883,"passed_time":1.145693613,"remaining_time":0.1503398859},
{"learn":[0.2074685545],"iteration":884,"passed_time":1.147104511,"remaining_time":0.1490587783},
{"learn":[0.2074604797],"iteration":885,"passed_time":1.148435695,"remaining_time":0.147767121},
{"learn":[0.2074506724],"iteration":886,"passed_time":1.149774396,"remaining_time":0.1464763324},
{"learn":[0.2074429235],"iteration":887,"passed_time":1.151088529,"remaining_time":0.145182337},
{"learn":[0.2074369782],"iteration":888,"passed_time":1.152269993,"remaining_time":0.1438717314},
{"learn":[0.2074323739],"iteration":889,"passed_time":1.15346397,"remaining_time":0.1425629626},
{"learn":[0.2074190921],"iteration":890,"passed_time":1.154538236,"remaining_time":0.1412398067},
{"learn":[0.2074111224],"iteration":891,"passed_time":1.15563482,"remaining_time":0.1399199109},
{"learn":[0.2074047131],"iteration":892,"passed_time":1.156686214,"remaining_time":0.1385951007},
{"learn":[0.2073991766],"iteration":893,"passed_time":1.157804261,"remaining_time":0.137278805},
{"learn":[0.2073898936],"iteration":894,"passed_time":1.159098894,"remaining_time":0.1359836692},
{"learn":[0.2073807565],"iteration":895,"passed_time":1.160331378,"remaining_time":0.1346813207},
{"learn":[0.2073727534],"iteration":896,"passed_time":1.161328279,"remaining_time":0.1333520766},
{"learn":[0.2073679045],"iteration":897,"passed_time":1.162361349,"remaining_time":0.1320276811},
{"learn":[0.207363072],"iteration":898,"passed_time":1.163544782,"remaining_time":0.1307208265},
{"learn":[0.2073562425],"iteration":899,"passed_time":1.164621018,"remaining_time":0.1294023353},
{"learn":[0.2073473597],"iteration":900,"passed_time":1.165839806,"remaining_time":0.1281000453},
{"learn":[0.2073381523],"iteration":901,"passed_time":1.166979377,"remaining_time":0.1267893336},
{"learn":[0.2073335086],"iteration":902,"passed_time":1.16800786,"remaining_time":0.1254670681},
{"learn":[0.2073255878],"iteration":903,"passed_time":1.169061459,"remaining_time":0.1241481195},
{"learn":[0.2073185588],"iteration":904,"passed_time":1.170105076,"remaining_time":0.1228287096},
{"learn":[0.2073114972],"iteration":905,"passed_time":1.171166285,"remaining_time":0.1215117338},
{"learn":[0.2073066957],"iteration":906,"passed_time":1.17236889,"remaining_time":0.12020982},
{"learn":[0.2072979832],"iteration":907,"passed_time":1.174060709,"remaining_time":0.118957693},
{"learn":[0.2072906522],"iteration":908,"passed_time":1.175150323,"remaining_time":0.1176443118},
{"learn":[0.2072768914],"iteration":909,"passed_time":1.176096905,"remaining_time":0.1163172763},
{"learn":[0.2072736406],"iteration":910,"passed_time":1.177118284,"remaining_time":0.1149983834},
{"learn":[0.2072664506],"iteration":911,"passed_time":1.178234459,"remaining_time":0.1136892899},
{"learn":[0.2072574048],"iteration":912,"passed_time":1.179301458,"remaining_time":0.112375933},
{"learn":[0.2072502374],"iteration":913,"passed_time":1.180354676,"remaining_time":0.1110618185},
{"learn":[0.2072431844],"iteration":914,"passed_time":1.181448181,"remaining_time":0.1097520168},
{"learn":[0.2072380557],"iteration":915,"passed_time":1.182532463,"remaining_time":0.1084418415},
{"learn":[0.2072264243],"iteration":916,"passed_time":1.183627506,"remaining_time":0.107133133},
{"learn":[0.2072197487],"iteration":917,"passed_time":1.184742607,"remaining_time":0.1058266817},
{"learn":[0.2072089929],"iteration":918,"passed_time":1.185737902,"remaining_time":0.1045100871},
{"learn":[0.2072013117],"iteration":919,"passed_time":1.186645817,"remaining_time":0.1031865927},
{"learn":[0.207190734],"iteration":920,"passed_time":1.187726509,"remaining_time":0.1018788211},
{"learn":[0.2071838991],"iteration":921,"passed_time":1.188785644,"remaining_time":0.1005697182},
{"learn":[0.2071804869],"iteration":922,"passed_time":1.189828842,"remaining_time":0.09925982756},
{"learn":[0.2071738604],"iteration":923,"passed_time":1.19098606,"remaining_time":0.09795989242},
{"learn":[0.2071649607],"iteration":924,"passed_time":1.192146104,"remaining_time":0.09666049495},
{"learn":[0.2071591281],"iteration":925,"passed_time":1.193255806,"remaining_time":0.09535737544},
{"learn":[0.2071515258],"iteration":926,"passed_time":1.194149055,"remaining_time":0.09403762783},
{"learn":[0.2071454842],"iteration":927,"passed_time":1.195197189,"remaining_time":0.09273081637},
{"learn":[0.2071394372],"iteration":928,"passed_time":1.196152196,"remaining_time":0.09141744445},
{"learn":[0.2071330343],"iteration":929,"passed_time":1.197456338,"remaining_time":0.09013112225},
{"learn":[0.2071270278],"iteration":930,"passed_time":1.198350858,"remaining_time":0.08881440298},
{"learn":[0.2071219099],"iteration":931,"passed_time":1.199332089,"remaining_time":0.08750491638},
{"learn":[0.2071154514],"iteration":932,"passed_time":1.200273392,"remaining_time":0.08619326607},
{"learn":[0.2071046953],"iteration":933,"passed_time":1.201114152,"remaining_time":0.08487530411},
{"learn":[0.2070951889],"iteration":934,"passed_time":1.202156209,"remaining_time":0.08357235679},
{"learn":[0.2070847921],"iteration":935,"passed_time":1.203128934,"remaining_time":0.08226522628},
{"learn":[0.2070753697],"iteration":936,"passed_time":1.204195892,"remaining_time":0.08096514535},
{"learn":[0.2070636171],"iteration":937,"passed_time":1.205191389,"remaining_time":0.07966083806},
{"learn":[0.2070567775],"iteration":938,"passed_time":1.206172572,"remaining_time":0.07835625869},
{"learn":[0.2070478099],"iteration":939,"passed_time":1.20707958,"remaining_time":0.07704763275},
{"learn":[0.2070388175],"iteration":940,"passed_time":1.207950903,"remaining_time":0.07573762303},
{"learn":[0.2070272828],"iteration":941,"passed_time":1.209004965,"remaining_time":0.07443979617},
{"learn":[0.2070218037],"iteration":942,"passed_time":1.210075103,"remaining_time":0.07314345801},
{"learn":[0.2070157042],"iteration":943,"passed_time":1.211135404,"remaining_time":0.07184701551},
{"learn":[0.2070061136],"iteration":944,"passed_time":1.212078958,"remaining_time":0.070544278},
{"learn":[0.2070018052],"iteration":945,"passed_time":1.213004452,"remaining_time":0.06924126891},
{"learn":[0.2069959065],"iteration":946,"passed_time":1.214052623,"remaining_time":0.06794592291},
{"learn":[0.2069889927],"iteration":947,"passed_time":1.215009909,"remaining_time":0.06664611316},
{"learn":[0.206984662],"iteration":948,"passed_time":1.21643738,"remaining_time":0.06537229332},
{"learn":[0.2069788412],"iteration":949,"passed_time":1.217551346,"remaining_time":0.06408164979},
{"learn":[0.2069731801],"iteration":950,"passed_time":1.218892138,"remaining_time":0.06280306493},
{"learn":[0.2069640867],"iteration":951,"passed_time":1.220290045,"remaining_time":0.06152722915},
{"learn":[0.2069605594],"iteration":952,"passed_time":1.221241291,"remaining_time":0.06022910881},
{"learn":[0.2069567442],"iteration":953,"passed_time":1.223147357,"remaining_time":0.05897775516},
{"learn":[0.2069526137],"iteration":954,"passed_time":1.224365649,"remaining_time":0.05769262221},
{"learn":[0.2069455445],"iteration":955,"passed_time":1.225784318,"remaining_time":0.05641685145},
{"learn":[0.2069404245],"iteration":956,"passed_time":1.227126036,"remaining_time":0.0551373245},
{"learn":[0.2069333112],"iteration":957,"passed_time":1.228468685,"remaining_time":0.05385770854},
{"learn":[0.2069254717],"iteration":958,"passed_time":1.230954749,"remaining_time":0.05262684538},
{"learn":[0.2069128095],"iteration":959,"passed_time":1.232646002,"remaining_time":0.05136025007},
{"learn":[0.2069060592],"iteration":960,"passed_time":1.233933632,"remaining_time":0.0500763909},
{"learn":[0.2069015518],"iteration":961,"passed_time":1.23526662,"remaining_time":0.04879431554},
{"learn":[0.2068950974],"iteration":962,"passed_time":1.236124069,"remaining_time":0.04749386349},
{"learn":[0.2068887838],"iteration":963,"passed_time":1.237062867,"remaining_time":0.04619736847},
{"learn":[0.2068775114],"iteration":964,"passed_time":1.238124453,"remaining_time":0.04490606826},
{"learn":[0.206868956],"iteration":965,"passed_time":1.239115834,"remaining_time":0.04361277261},
{"learn":[0.2068612756],"iteration":966,"passed_time":1.240028857,"remaining_time":0.04231742738},
{"learn":[0.2068547074],"iteration":967,"passed_time":1.24119965,"remaining_time":0.0410313934},
{"learn":[0.2068504728],"iteration":968,"passed_time":1.242253606,"remaining_time":0.03974185942},
{"learn":[0.2068424129],"iteration":969,"passed_time":1.243128654,"remaining_time":0.03844727797},
{"learn":[0.2068355324],"iteration":970,"passed_time":1.244371158,"remaining_time":0.03716453509},
{"learn":[0.2068266046],"iteration":971,"passed_time":1.245281821,"remaining_time":0.03587231583},
{"learn":[0.2068209941],"iteration":972,"passed_time":1.246298067,"remaining_time":0.03458381069},
{"learn":[0.2068126185],"iteration":973,"passed_time":1.247601712,"remaining_time":0.03330353646},
{"learn":[0.2068039089],"iteration":974,"passed_time":1.248887985,"remaining_time":0.03202276884},
{"learn":[0.2067969888],"iteration":975,"passed_time":1.249740312,"remaining_time":0.03073131914},
{"learn":[0.2067898413],"iteration":976,"passed_time":1.250718194,"remaining_time":0.02944372411},
{"learn":[0.2067842332],"iteration":977,"passed_time":1.251710731,"remaining_time":0.02815709211},
{"learn":[0.2067786396],"iteration":978,"passed_time":1.252635546,"remaining_time":0.02686960825},
{"learn":[0.2067729168],"iteration":979,"passed_time":1.253892769,"remaining_time":0.02558964834},
{"learn":[0.2067667149],"iteration":980,"passed_time":1.254993999,"remaining_time":0.02430671353},
{"learn":[0.206758134],"iteration":981,"passed_time":1.255778356,"remaining_time":0.02301834054},
{"learn":[0.2067516584],"iteration":982,"passed_time":1.256865666,"remaining_time":0.02173623227},
{"learn":[0.2067464043],"iteration":983,"passed_time":1.257947073,"remaining_time":0.02045442395},
{"learn":[0.2067379707],"iteration":984,"passed_time":1.259003704,"remaining_time":0.01917264524},
{"learn":[0.2067291618],"iteration":985,"passed_time":1.260211599,"remaining_time":0.01789347098},
{"learn":[0.206725033],"iteration":986,"passed_time":1.261430465,"remaining_time":0.01661458566},
{"learn":[0.2067193359],"iteration":987,"passed_time":1.262506209,"remaining_time":0.01533408351},
{"learn":[0.2067138258],"iteration":988,"passed_time":1.263654036,"remaining_time":0.01405479716},
{"learn":[0.2067095323],"iteration":989,"passed_time":1.264813293,"remaining_time":0.01277589185},
{"learn":[0.2067038962],"iteration":990,"passed_time":1.265945434,"remaining_time":0.01149698174},
{"learn":[0.2066988698],"iteration":991,"passed_time":1.266938796,"remaining_time":0.01021724835},
{"learn":[0.2066951525],"iteration":992,"passed_time":1.268105093,"remaining_time":0.008939310824},
{"learn":[0.2066872326],"iteration":993,"passed_time":1.269052419,"remaining_time":0.007660276172},
{"learn":[0.2066814599],"iteration":994,"passed_time":1.269988508,"remaining_time":0.006381851798},
{"learn":[0.206676404],"iteration":995,"passed_time":1.270997982,"remaining_time":0.005104409565},
{"learn":[0.2066710596],"iteration":996,"passed_time":1.272595244,"remaining_time":0.003829273554},
{"learn":[0.2066661912],"iteration":997,"passed_time":1.273858185,"remaining_time":0.002552822015},
{"learn":[0.20666143],"iteration":998,"passed_time":1.27504218,"remaining_time":0.001276318499},
{"learn":[0.2066538279],"iteration":999,"passed_time":1.275976664,"remaining_time":0}
]}